date,UNRATE,TB3MS,RPI,INDPRO,DPCERA3M086SBEA,S&P500,BUSLOANS,CPIAUCSL,OILPRICEx,M2SL,USREC
1960-01-31,-0.7999999999999998,0.2999999999999998,0.0209771517925414,0.0919796126655203,0.0012040940648043,0.0179088503679665,0.0115783288665221,-0.0061564345411806,0.0,0.0013230581813949,0
1960-02-29,-1.1000000000000003,-0.1900000000000004,0.0145653808510273,0.0769640473032802,0.0060086832058017,-0.0256628542216681,0.0119052773099768,-0.0037667968876675,0.0,0.0020071968144135,0
1960-03-31,-0.1999999999999993,-1.1800000000000002,0.0062502162801729,0.0079605861644895,0.0212399589605225,-0.0708571208193484,-0.0083555665288033,-0.0054551788880381,0.0,0.0013237016556111,0
1960-04-30,0.0,-1.1199999999999997,0.0064889132842429,-0.0259145060393546,0.0337516470548546,-0.0404415166210716,-0.0090984942710301,0.0050903329562812,0.0,0.0006341662228246,1
1960-05-31,0.0,-0.6699999999999999,0.0077467377755624,-0.0181208417295035,0.0090396095777252,-0.0100901756973339,-0.0003586365880772,0.0033833750066838,0.0,0.00397702944535,1
1960-06-30,0.4000000000000003,-0.8500000000000001,0.0066336213050224,-0.0217509591794224,-0.0052990990868804,0.0399055441735409,0.0146199559186857,0.0067773895475964,0.0,0.0049491923180156,1
1960-07-31,0.4000000000000003,-0.9300000000000002,0.0049599576093299,-0.0172753745284679,-0.0185407943870696,0.0019718568726716,-0.000611301401677,-0.0054330651438312,0.0,0.0068894921213153,1
1960-08-31,0.3999999999999994,-0.9900000000000002,0.0009577080420957,-0.0172909780226548,0.0008745081449323,0.0230924071397433,-0.0168877587828322,-0.0040737730493676,0.0,0.0114008626832973,1
1960-09-30,0.0,0.02,0.0014960211388723,-0.0151628158537011,0.0058585396609118,-0.0437296406119438,-0.0318296452117534,-0.0067773895475964,0.0,0.0100042529770014,1
1960-10-31,0.3999999999999994,0.0,0.0026542327349305,-0.0128543069699071,0.0086333258814792,-0.0385189537133867,-0.0183932095656187,0.0064069213906581,0.0,0.0043606552043335,1
1960-11-30,0.2999999999999998,0.0700000000000002,-5.3998268762178725e-05,-0.0259152695394355,0.0061002367821396,-0.018575279574609,-0.0018951555214825,0.0043730768932483,0.0,-0.0067946225506734,1
1960-12-31,1.2999999999999998,-0.2299999999999999,-0.0059370370524085,-0.0346698721792648,-0.0109973615228597,0.0356636666690803,0.0158053123271968,0.0067317655764798,0.0,-0.0070909636274043,1
1961-01-31,1.3999999999999997,-0.0599999999999996,2.523760381123452e-05,-0.0322809518077469,-0.0133227395458557,0.1056954679302593,0.0091242007554965,-0.0037247447956101,0.0,-0.0028481830213813,1
1961-02-28,2.1000000000000005,0.0499999999999998,0.0082192709603514,-0.0192780402632846,-0.0062251197045624,0.1140302342141028,-0.0022215411155439,-0.0037121370626653,0.0,0.0049025690805057,1
1961-03-31,1.5,0.1400000000000001,0.0168957619623499,0.0060641248494883,0.0184884970032501,0.1212200020142466,-0.0181401818221713,-0.0057258979308993,0.0,0.005823140046159,0
1961-04-30,1.7999999999999998,0.0499999999999998,0.0101250463999562,0.025196433166839,0.0164717650248173,0.0974086888087963,-0.0080337177875295,-0.0040265109895019,0.0,0.0035437259909212,0
1961-05-31,2.0,-0.1299999999999999,0.0139525451888351,0.0416963406259105,0.0189280098855189,0.0673293793805624,-0.0020252314456397,-0.0020127480796974,0.0,-2.695360881155296e-06,0
1961-06-30,1.5,-0.06,0.0192648471507475,0.0495387511822311,0.0089648150441021,0.0231241997916029,0.0107361604173323,-0.0010058676455804,0.0,-3.523729729071334e-05,0
1961-07-31,1.5,-0.0499999999999998,0.0199714172228437,0.040631209640912,0.0054717175649448,-0.0059419691852937,0.004494578663226,0.0046891130618771,0.0,-0.0006358532379593,0
1961-08-31,1.0,0.1,0.0128209996611143,0.0344061240844242,0.0029368596733094,0.0192127437810656,0.0079504135658639,0.003345603655922,0.0,-0.0012283479226011,0
1961-09-30,1.2000000000000002,-0.0500000000000002,0.00463478524542,0.0193749463054202,0.0061549906368894,0.0246851787791682,-0.0019878601874507,0.0046807173388914,0.0,-0.0027673383959356,0
1961-10-31,0.4000000000000003,0.0599999999999996,0.011593579995285,0.0269360668863583,0.0153928753370951,0.038374012881615,0.0005744474096132,-0.0016799058481216,0.0,-0.000910376748096,0
1961-11-30,0.0,0.0899999999999998,0.0199321169582278,0.0332656686519725,0.0215166042850483,0.0473913118435769,-0.0012043518397706,-0.0020104899729527,0.0,0.0009287371017379,0
1961-12-31,-0.5999999999999996,0.3200000000000003,0.0246989464035758,0.0430747079380213,0.0228238135652567,0.0644827657920128,0.0162920609050618,-0.0036805505610675,0.0,0.0021382618398853,0
1962-01-31,-0.7999999999999998,0.4200000000000004,0.0138934986455891,0.015383692347382,0.0168825848884988,0.0156127779247743,0.01390327034153,-4.005346692981249e-06,0.0,0.0023942553345674,0
1962-02-28,-1.4000000000000004,0.25,0.0092190508110894,0.0162248592640525,0.006734032181344,-0.0121728325461649,0.0057785272029691,0.0029917361362215,0.0,0.0023471033586774,0
1962-03-31,-1.3000000000000007,0.1200000000000001,0.0100858010098523,0.0128907722866284,0.0080435730574466,-0.020418930916322,-0.0169136544038086,0.0043172269408704,0.0,0.0043543909834928,0
1962-04-30,-1.4000000000000004,0.0099999999999997,0.0161926725508889,0.0237089833630124,0.0112161742544136,-0.0148777540034066,-0.0106440995974872,0.0036438342811644,0.0,0.0042820671357564,0
1962-05-31,-1.5999999999999996,-0.04,0.0133825818292852,0.0064137725585231,0.0193518376203654,-0.1086571871064485,0.0050274613716223,-1.864100150106296e-05,0.0,0.0016282512952399,0
1962-06-30,-1.4000000000000004,0.0099999999999997,0.0079069603968724,-0.0010685692716698,0.0061076064887966,-0.2339069171006125,0.02528576343872,-0.0039924514910838,0.0,-0.0044907915042857,0
1962-07-31,-1.5999999999999996,0.1899999999999999,0.0076317298635411,0.0063700645665605,0.0058531042136422,-0.1777179156051707,0.0137737035173675,-0.0053122070566336,0.0,-0.008203515604837,0
1962-08-31,-0.8999999999999995,0.1299999999999999,0.0078203028186925,0.0084947581805643,0.0009898396685801,-0.0736074074819139,0.0019189728313335,-0.0029863315597742,0.0,-0.0063883138639067,0
1962-09-30,-1.1000000000000003,0.0499999999999998,0.0069104903717747,0.0169498589061358,0.0171242030904319,0.0417203864592172,-0.0140482378978568,0.0056023492049557,0.0,-0.0020042941087172,0
1962-10-31,-1.0999999999999996,-0.1799999999999997,0.0073485886031097,0.0084320869964984,0.0089473057960671,-0.0141420069479627,-0.0020626869110387,0.0049495788770204,0.0,0.0028559712140125,0
1962-11-30,-0.3999999999999994,0.0100000000000002,0.0094182901415162,0.0115612744109809,0.0193654832890763,0.0256424306133373,0.0035696628851553,0.0019751913404633,0.0,0.0045103382560069,0
1962-12-31,-0.5,0.0900000000000003,0.0136287956877474,0.0052382055801727,0.0138319534941473,0.076961041136129,0.0045872809339178,-0.008243081096086,0.0,0.0058350787967409,0
1963-01-31,-0.0999999999999996,0.1699999999999999,0.0145001102258941,0.0114729651798626,0.0185100267708682,0.1469271145008646,-0.0070212320545657,-0.003307504497175,0.0,0.0040697112141536,0
1963-02-28,0.4000000000000003,0.0899999999999998,0.0055359197203497,0.01863583779194,0.0015399974525074,0.0934308788359556,-0.0141640063212555,-1.083494756004555e-05,0.0,0.0026158432104992,0
1963-03-31,0.1000000000000005,0.02,0.0053669192592646,0.0247676059218306,0.0010212187430123,0.047238148520333,-0.0114428815661189,0.0055857912244712,0.0,7.707723142402756e-05,0
1963-04-30,0.1000000000000005,-0.0100000000000002,0.001965415668101,0.0266174685971973,0.0049276529151094,0.055312259469443,-0.0020298864270613,-0.0006598380008977,0.0,-0.0002120625187442,0
1963-05-31,0.4000000000000003,0.0100000000000002,0.011521237390097,0.0273127605171716,0.0093034480885503,0.062051359110816,0.0037398823598899,-0.0023024657406862,0.0,-0.000218937228734,0
1963-06-30,0.0999999999999996,0.1,0.0117122945892003,0.0241726701978954,0.0138531329050506,0.0654232370159952,0.0149473586206139,-0.0009977473322084,0.0,-0.0012583368467931,0
1963-07-31,0.1999999999999993,0.2800000000000002,0.0095352930236707,0.0110465327057074,0.0153624909612806,0.0044983025862324,0.0067777573917449,0.0055529399882385,0.0,-0.0012578152404483,0
1963-08-31,-0.2999999999999998,0.3899999999999997,0.0087582586235264,0.00099822072676,0.0182957518933197,0.011904902506318,-0.0001181208490699,0.006851727613816,0.0,-0.0022986258325694,0
1963-09-30,-0.0999999999999996,0.3899999999999997,0.0108056288004227,0.0079269809358537,0.0067997140824194,0.0383370954223369,-0.0145690407015708,0.0003149010934073,0.0,-0.0006731947339284,0
1963-10-31,0.0999999999999996,0.27,0.0157758347330911,0.0188055462781027,0.0011121616004841,0.0557498325311369,-0.0030476020928089,-0.0049130121923171,0.0,-0.0019629931014701,0
1963-11-30,0.0,0.2000000000000001,0.0143480950030348,0.0216979503491931,0.0049773357927196,0.0228422187678392,0.0181088553661816,-0.0068603613657423,0.0,0.0006398948885815,0
1963-12-31,0.0,0.1400000000000001,0.0154644291831953,0.0098229888760443,0.0187096196567284,0.0179572231072535,0.0344992461977118,0.0016076615549538,0.0,-0.0014045134789277,0
1964-01-31,-0.1000000000000005,0.0699999999999998,0.0135235561723003,0.0116935376209439,0.0224765609897876,0.0457666167430534,0.0201323635426469,0.0042067252715112,0.0,-0.0011026997217147,0
1964-02-29,-0.5,0.0099999999999997,0.0155887779802643,0.0135649921937881,0.02209642807362,0.0636172072961782,-0.0097359787298105,0.0032394935750859,0.0,-0.0049242130700122,0
1964-03-31,-0.2999999999999998,0.02,0.0127671872047141,0.0155195156472287,0.0137522470556783,0.0605532411153664,-0.0358265392370684,-0.0032536968887595,0.0,-0.0018349850148915,0
1964-04-30,-0.4000000000000003,-0.0499999999999998,0.0152409754595694,0.0229917302498492,0.0123138302533276,0.0446394209081058,-0.0237082308167568,-0.0058366969067082,0.0,-0.0013001536445687,0
1964-05-31,-0.8000000000000007,-0.0499999999999998,0.0170969079008855,0.0218967076316061,0.0190278322288102,0.0421288027629858,-0.0027350034913937,-0.0019525488885947,0.0,0.0010023708355397,0
1964-06-30,-0.3999999999999994,-0.06,0.0155669772940854,0.0247161038541334,0.021228153298983,0.0181091467898468,0.0192360455126663,0.0003187679790932,0.0,0.0014483996493446,0
1964-07-31,-0.6999999999999993,-0.0100000000000002,0.0149231940255116,0.0150381402638322,0.026798193154724,0.0402113502716172,0.0122091125624557,0.0019360046321028,-0.0169783365344178,0.0043819155412538,0
1964-08-31,-0.4000000000000003,0.02,0.0145810108101063,0.0158782312029401,0.0190362076532757,0.0157328712188995,0.0024813685102302,-5.1054539320638526e-06,-0.0169783365344178,0.0060425120910458,0
1964-09-30,-0.4000000000000003,0.0499999999999998,0.0151890267865102,0.0167617654179896,0.009170289851037,0.0387460625998397,-0.002613270934427,-5.095580348779549e-06,-0.0169783365344178,0.0056930959351841,0
1964-10-31,-0.4000000000000003,0.1099999999999998,0.01032159843826,-0.0037375162803994,0.0083264427765539,0.0193972881254405,0.0008257848872261,0.0009593829440102,0.0169783365344178,0.0010130315002356,0
1964-11-30,-0.9000000000000004,0.1400000000000001,0.01138076679198,0.0201849856502325,-0.0067757999256654,0.0410951279476314,0.0064162904623157,0.0028827745124346,0.0169783365344178,-0.0019161754898036,0
1964-12-31,-0.5,0.31,0.0170975340323238,0.0282220193111184,0.0070172078885111,0.0065722886989121,0.0181870993886286,0.0032000582958748,0.0169783365344178,-0.0052508769453432,0
1965-01-31,-0.6999999999999993,0.2400000000000002,0.0227876067657586,0.0528809246078343,0.0075892875689138,0.0148566808159271,0.0227059903682862,0.0019096748051214,0.0,-0.0018637890872241,0
1965-02-28,-0.3000000000000007,0.29,0.016647812408479,0.02865065514254,0.0325181710350412,0.0152160436150836,0.0234493954364536,-0.0028993885087778,0.0,-0.0008799719767811,0
1965-03-31,-0.7000000000000002,0.0900000000000003,0.0116374266429719,0.0300626379379793,0.0259728301244148,0.0336116891201214,0.0017822286630595,-0.0035366915270604,0.0,0.0012798253751356,0
1965-04-30,-0.5,0.1200000000000001,0.0094956940284891,0.0236963677548969,0.0259926303870083,0.0212541747684209,-0.0034177697842698,-0.0019363847391433,0.0,-0.0015338730221561,0
1965-05-31,-0.5,-0.04,0.0144169587729869,0.025272331360949,0.0092217640591791,0.028747079806032,-0.0084129016571168,0.0041331484776701,0.0,-0.0042627017898686,0
1965-06-30,-0.6000000000000005,-0.1300000000000003,0.0124912251390245,0.0198381454728644,-0.002223121368313,-0.0208304500388614,0.0010442874656302,0.0076178317333086,0.0,-0.0040140191173998,0
1965-07-31,-0.5,-0.0900000000000003,0.0151031738006945,0.024842514770627,0.0031521302961299,-0.0354039752533115,-0.0042441537876758,0.0031614298948334,0.0,-0.0012319982949264,0
1965-08-31,-0.5999999999999996,-0.0500000000000002,0.0137835221139326,0.021289024864223,0.0114212857202886,-0.0317486983145798,-0.0066556513626858,-0.0041523424340725,0.0,0.0042614260608058,0
1965-09-30,-0.7999999999999998,0.1200000000000001,0.0350525161407375,0.0160941306207682,0.0363568051786842,0.0497752094716128,-0.0136497668953792,-0.0092196853354122,0.0,0.0053314214044188,0
1965-10-31,-0.8999999999999995,0.1900000000000004,0.0240431612452809,0.0167784248698441,0.0377921318681497,0.0735441912728385,-0.0106819178449626,-0.0041391217599202,0.0,0.004585860141578,0
1965-11-30,-0.7000000000000002,0.25,0.0272872989519754,0.0167083383326773,0.0300425573457499,0.0633888837974119,-0.0056380302858656,0.0040979709134587,0.0,0.0022558582355678,0
1965-12-31,-1.0,0.4599999999999999,0.0084364305319244,0.0265360345739336,0.0155357026643465,0.0259525360162591,0.0065889699958079,0.0069312446830465,0.0,0.0002161109990526,0
1966-01-31,-0.9000000000000004,0.5599999999999996,0.0151542902620622,0.0262745408214519,0.0080010008809963,0.0208983838691185,0.0100762577660722,0.0050265655691394,0.0,-0.001108564387982,0
1966-02-28,-1.2999999999999998,0.5600000000000005,0.0127029516837176,0.028584224953847,0.015139864607605,0.0058429077719086,0.0081706291150105,0.0040209213081343,0.0,-0.0026221552515952,0
1966-03-31,-0.9000000000000004,0.2099999999999999,0.0127172814555898,0.0298292352547324,0.0208162634706723,-0.0315623341901893,-0.0072668590816089,0.0030602093092184,0.0,-0.0040784045850204,0
1966-04-30,-1.0,0.0300000000000002,0.0094832231494628,0.0216446789729847,0.0149666523947451,-0.0186031754731441,-0.0092384207364961,0.0052282841479049,0.0,-0.0048788261636687,0
1966-05-31,-0.6999999999999997,-0.0100000000000006,0.0077948196704777,0.0246532348881034,-0.0010907971013507,-0.0658844115175369,-0.0055937025651617,-0.0019588197110169,0.0,-0.0075735043726963,0
1966-06-30,-0.7999999999999998,-0.0899999999999998,0.0073480442297171,0.015760314722363,-0.006180576868263,-0.032242417920921,0.0191070204912948,-0.0041119528608128,0.0,-0.0087463856853018,0
1966-07-31,-0.6000000000000005,0.1799999999999997,0.012166867770107,0.0196309838514316,0.0018786404172601,-0.0649461733576419,0.0255707599247498,-0.0072163897313828,0.0,-0.0122737972694961,0
1966-08-31,-0.6000000000000005,0.3200000000000003,0.0139011914480828,0.0109367257526242,0.0127774670325897,-0.0732573757989865,0.0120653261640182,0.0008495968269346,0.0,-0.0064646909710539,0
1966-09-30,-0.5999999999999996,0.8700000000000001,0.0150070800605117,0.0155157762228355,0.0193106863006131,-0.1007747697816148,-0.0252816142840091,0.0051662071465199,0.0169783365344178,0.0003487217653574,0
1966-10-31,-0.5,0.5499999999999998,0.0151506062720923,0.0169604244502283,0.0063611065756794,-0.1069927883765347,-0.0432834146395677,0.0069987020321695,0.0169783365344178,0.0067381117395903,0
1966-11-30,-0.4999999999999995,0.3600000000000003,0.0163401437610009,0.0092817036089751,0.0069097805152131,0.0042068856896806,-0.0310450378256188,-0.0022111203099917,0.0169783365344178,0.0045919325363215,0
1966-12-31,-0.2000000000000001,-0.4100000000000001,0.0100203906208307,0.0023055985315219,-0.0006965567162686,0.044244994549845,-0.0084100634108024,-0.0061846001041634,-0.0169783365344178,0.0011722062723418,0
1967-01-31,-0.1,-0.6299999999999999,0.0151508207468076,0.0001080715207,0.0084036058775067,0.0906673333079011,0.000203955742414,-0.0107303889398142,-0.0169783365344178,0.0021848443676475,0
1967-02-28,0.0,-0.7600000000000007,0.0101652991894312,-0.0043941858599549,0.0026021110356353,0.0757118217356964,-0.0027362396036041,-0.0033767231870376,-0.0069280006809162,0.0063139719802762,0
1967-03-31,0.0,-0.7000000000000002,0.0165686740147812,-0.0123506984814607,0.0062054473465309,0.0948294186271505,-0.0045968584539872,-0.0027502280699973,0.0100503358535015,0.0095441460600609,0
1967-04-30,0.0,-0.8799999999999999,0.0064505552791036,-0.0076707261325901,0.0109436442570207,0.0742602061884714,0.0077522401187044,0.0045397117709851,0.0100503358535015,0.0092415633209466,0
1967-05-31,-0.1,-0.9599999999999996,0.0070836915309193,-0.0050262737439354,0.0145577731041099,0.058143632463361,0.0103579680468559,-0.000617270361964,-0.0100503358535015,0.0084274731460656,0
1967-06-30,0.1,-0.7199999999999998,0.0049561447802961,0.0004974304350682,0.0152562803299018,0.0222292813705005,0.0171493506858206,0.0066226498623067,-0.0100503358535015,0.0052168860623371,0
1967-07-31,0.0,0.3700000000000001,0.0108954892867423,-0.0111668285729469,0.0022383126079836,0.022287164812095,0.0071074483789175,0.0029619929879456,-0.0100503358535015,0.0068793772266095,0
1967-08-31,0.0,0.6699999999999995,0.013769233947924,0.016571622674673,0.0052912589810527,0.0203128643345786,-0.002232202974854,0.0089864355314661,0.0230652729309959,0.0023484601364422,0
1967-09-30,0.0999999999999996,0.8799999999999999,0.010600587202509,0.0150739103083217,0.0077447793082741,0.0467934114864467,-0.0190283260372128,-8.116553715709074e-05,0.0230652729309959,0.0001769259835233,0
1967-10-31,0.2999999999999998,0.3499999999999996,0.0067891548439629,0.0254644315991261,0.0018690316110303,0.0280932239977751,-0.0265282925404299,-8.068022397544894e-05,0.0230652729309959,-0.0052155419517854,0
1967-11-30,0.2999999999999998,0.4600000000000008,0.0083943872882148,0.0206866569930155,0.0057158566070349,-0.0195571288060323,-0.0102458283235584,-0.0001425808926196,-0.0230652729309959,-0.006830043429522,0
1967-12-31,0.0,0.5499999999999998,0.0103949551680404,0.0330244388259255,0.0106357723925309,-0.0053372530026249,0.0157542154182523,0.0028657876642421,-0.0230652729309959,-0.0055510559958102,0
1968-01-31,-0.1999999999999997,0.4400000000000004,0.0145524893860145,0.0238339800133138,0.0264273165858477,-0.0065023826378158,0.0242755340522666,0.0028576095554933,-0.0230652729309959,-0.0056338833609688,0
1968-02-29,0.0,0.25,0.0158264717997518,0.013211766896537,0.0206386732467236,-0.0208284068435418,0.0105001976099172,-0.0030589458732284,0.0,-0.002658127471343,0
1968-03-31,-0.0999999999999996,0.2000000000000001,0.0215455624535838,0.0056165257681448,0.0239933887874035,-0.0673827159276045,-0.0170482244228686,-0.0030496280912704,0.0,-0.0035536802964948,0
1968-04-30,-0.2999999999999998,0.3799999999999999,0.0205589236451171,0.0081402554746103,0.0139190900687866,0.0066069140757409,-0.0072981670913119,-0.0030403668412732,0.0,-0.0019829768234487,0
1968-05-31,-0.2999999999999998,0.6799999999999997,0.0182008219103213,0.0157191090286512,0.0197869881639425,0.0755315942927676,0.0036585084964197,-7.694971340077572e-05,0.0,-0.0015990075531648,0
1968-06-30,-0.1999999999999997,0.3499999999999996,0.0142990783042247,0.0162665314151575,0.0116980667648807,0.1205106327665781,0.0205612154891721,0.0028095032251869,0.0,0.0015964612456027,0
1968-07-31,-0.0999999999999996,-0.0700000000000002,0.015924756990433,0.013288356188998,0.0246702075835982,0.047260925277814,0.0077665199426606,0.0056710847391472,0.0,0.00269677467461,0
1968-08-31,-0.2999999999999998,-0.5700000000000003,0.0152804517879125,0.0049178480062033,0.0205102320326808,0.0024492307375716,-0.0019064659534393,0.0056550574833447,0.0,0.0033981626539247,0
1968-09-30,-0.3999999999999999,-0.3299999999999992,0.0153771525140911,0.0050340278948621,0.0105830161457518,0.007928683755507,-0.010729903155064,-0.0001328892619127,0.0,0.0025941921583498,0
1968-10-31,-0.6000000000000001,0.04,0.010990327848976,0.0085494503910363,0.0029829143863167,0.0343002757638979,-0.0098148445027348,-0.0030341300981593,0.0,0.0034439492747235,0
1968-11-30,-0.5,0.3600000000000003,0.0109182066434225,0.0186167395524998,0.0057715318927051,0.071673337931962,0.0096656349455379,-0.0030249788017839,0.0,0.0040898181135595,0
1968-12-31,-0.3999999999999999,0.7699999999999996,0.0102786577632834,0.0179887596009344,0.0047196975167937,0.0500585738948426,0.0253138506328003,0.0026830638671584,0.0,0.0034940994344383,0
1969-01-31,-0.3000000000000002,0.79,0.0094859221150187,0.0220364615615293,0.0111283861542239,-0.0174931574475172,0.02632679599885,-0.0001284098845273,0.0,-0.0009900764063397,0
1969-02-28,-0.3999999999999999,0.6699999999999999,0.0096231174781067,0.0155636287847276,0.0119459652296338,-0.0377038376254201,0.0048943120041595,-0.0001276853833895,0.0,-0.0066357564104668,0
1969-03-31,-0.3000000000000002,0.0599999999999996,0.0100625155799249,0.0202197789867057,0.0100032489724704,-0.069999414098353,-0.0153652662483976,-0.0001972799053149,0.0569774347425404,-0.0102445935955772,0
1969-04-30,-0.1,-0.0299999999999993,0.0115579789834221,0.0105032420303246,0.0059992208960348,-0.0068864020296333,-0.0090363299323321,0.0053993276388695,0.0872827842378693,-0.0095865207859944,0
1969-05-31,-0.1,-0.08,0.0108232354153194,0.0003382087456595,0.0063770144209707,0.0300847531489809,-0.0032530735069729,0.005384807969115,0.0872827842378693,-0.0087396216369723,0
1969-06-30,-0.2000000000000001,0.4200000000000008,0.0097410770259216,0.0022488030479612,0.0069056712375137,-0.0016125784586993,0.00170573324643,-0.0001918524123647,-0.0266720852472115,-0.0062069810177716,0
1969-07-31,-0.2000000000000001,0.8899999999999997,0.0128048138116927,0.0112015745773623,0.0015464028325649,-0.0672668200166271,-0.0142049181198036,-0.0029869485811313,-0.0872827842378693,-0.0046001846266854,0
1969-08-31,0.0,0.9400000000000004,0.0151102583496189,0.0172828017464401,0.0039805998574187,-0.1049357068154144,-0.0231861314699246,-0.0029781048322541,-0.0872827842378693,-0.0017860260249378,0
1969-09-30,0.3000000000000002,0.6499999999999995,0.0142792520108994,0.0073378106735129,0.0090926702309199,-0.047827343585463,-0.0203541928431558,-0.0001866458624162,-0.0303053494953289,-0.0009088212557584,0
1969-10-31,0.3000000000000002,0.0,0.0106727546465599,0.0023623700710011,0.0155395233033934,0.0085160584062817,-0.010055698071012,-0.0001846224291961,0.0,0.0001284235557728,0
1969-11-30,0.1,0.2599999999999998,0.0054088972317476,-0.0094037776111464,0.0052417727382816,0.021325457557765,0.0047574159390642,0.002486605526097,0.0,0.0028697090228613,0
1969-12-31,0.1,0.7300000000000004,0.0049234724513134,-0.0118663619205463,0.0030950194932279,-0.0366380812811977,0.0140496525925204,0.0024743956345063,0.0,0.0037109034865601,1
1970-01-31,0.5,0.8700000000000001,0.0048541005618769,-0.0308489935655713,0.0038986404156573,-0.0560874533815844,0.0062592247288062,0.002462303963727,0.0,0.0038638887876905,1
1970-02-28,0.8000000000000003,-0.1100000000000003,0.0063379915055978,-0.0220380937097672,0.0094235957748662,-0.0987877922967541,-0.0131863547310127,-0.0002560327735934,0.0,-0.0075586420733824,1
1970-03-31,1.0000000000000004,-1.1900000000000004,0.008113546624779,-0.0206493696334502,0.0052191541819022,-0.0273715352055496,-0.0376080393929045,-0.0002533231079402,0.0,-0.0109357140102543,1
1970-04-30,1.1999999999999995,-1.3600000000000003,0.0162208430590524,-0.004531883490408,4.095758842304065e-05,-0.0494824644338489,-0.0244796104988935,-0.0002506562332533,0.0,-0.0126086355893493,1
1970-05-31,1.4,-0.29,0.0080328169658514,-0.0050385535287338,0.0025251510179882,-0.1362230075763051,-0.0018459367650871,-0.0028353548181603,0.0,0.0072938497358885,1
1970-06-30,1.4000000000000004,0.0499999999999998,0.0072796992690502,-0.0069798642196414,0.0110061440378546,-0.1593720332161314,0.0245887463569411,-0.0028194512900077,0.0,0.014382823870144,1
1970-07-31,1.5,-0.0599999999999996,0.002969448928459,-0.0019538479378149,0.0099843933123673,-0.1267234054877368,0.0246145607249523,-0.0053711198746961,-0.0120121564480035,0.0200588925104403,1
1970-08-31,1.5999999999999996,-0.4299999999999997,0.0112515785933329,-0.0025726918717672,0.0073355412120177,0.0241601568341653,0.0205848269268571,-0.0027286246792685,-0.0120121564480035,0.0135713922461544,1
1970-09-30,1.7000000000000002,-0.5599999999999996,0.007426743877632,-0.0062496534224809,0.0088792608234022,0.0884435211538585,0.0114863595343548,-0.0027138502754384,-0.0120121564480035,0.0131650333430206,1
1970-10-31,1.7999999999999998,-0.54,-0.0016308990913262,-0.0289090224166792,0.0030366239905976,0.108169561836414,0.0005351836012135,0.0024355563488258,0.0120121564480035,0.0104460339934844,1
1970-11-30,2.4000000000000004,-1.13,-0.0051876168393985,-0.0331983273992655,-0.0077830868386263,0.0784619296017092,-0.0086354621967768,0.0049581024719271,0.0120121564480035,0.0040274727579614,1
1970-12-31,2.6,-1.25,-0.0010636268131474,-0.003577332028172,-0.0034212837010882,0.0865975511640204,-0.0083353657557507,0.0049336653267859,0.0848245119229711,-0.001802217849617,0
1971-01-31,2.0000000000000004,-1.4699999999999998,0.0109752001741423,0.0242942659170197,0.0162800820876274,0.1026425905256882,-0.0032573134840605,-0.0001610580875577,0.0728123554749675,-0.0020512460207813,0
1971-02-28,1.7000000000000002,-1.58,0.0139796967802574,0.0284604596330835,0.0247591120819725,0.141699767670274,0.0005579134481292,-0.0077202664954052,0.0728123554749675,0.0051084129030245,0
1971-03-31,1.5999999999999996,-1.4900000000000002,0.0136930880406307,0.0046715718614676,0.0159990613669207,0.1007970929685875,-0.0109193960773561,-0.0101776236704305,-0.0728123554749675,0.0119451940803685,0
1971-04-30,1.3000000000000007,-0.5800000000000005,0.0077776284588289,0.0026065636758416,0.0083573117378157,0.0968745095264118,-0.0106507889531251,-0.0076104971752242,-0.0728123554749675,0.0130838892463005,0
1971-05-31,1.1000000000000003,0.4399999999999995,0.0096441734055812,0.0095777439251567,0.0057794476443255,0.0451991785381187,-0.005127167240893,0.0024279394214361,-0.0728123554749675,0.0077733553479317,0
1971-06-30,1.0,1.37,0.0250804167701179,0.0148472511905106,0.0132833391225282,0.0012040940648052,0.0132778352841986,0.0074099781750125,0.0,-0.0017429058197562,0
1971-07-31,1.0,1.5400000000000005,0.0098719811146139,0.006340207203324,0.0030325132035735,-0.039609138095046,0.0142884648298808,0.007391721878458,0.0,-0.0078084771466828,0
1971-08-31,1.0,0.8000000000000007,0.009431902778596,-0.0045421780014414,0.0094284729098172,-0.0438613856964593,0.0125274756763138,-9.852156090683906e-05,0.0,-0.0115023833249905,0
1971-09-30,0.5999999999999996,-0.0599999999999996,-0.0032588810734157,0.0073940740961022,0.0113299115377194,-0.0032141449928291,0.0031620856306595,-0.0050424127009343,0.0,-0.0063639163276585,0
1971-10-31,0.2999999999999998,-0.9400000000000004,0.0120599678967749,0.0177581674019067,0.018043082471602,-0.0174236411472534,0.0052920912086591,-0.0050297358540949,0.0,-0.0044041257073024,0
1971-11-30,0.0999999999999996,-0.7200000000000006,0.0137161097664773,0.0278123287935034,0.01740387733336,-0.0469510501243242,-0.0046505036319661,-0.002532649240154,0.0,-0.0003265624735853,0
1971-12-31,-0.0999999999999996,-0.6800000000000006,0.0130581708730677,0.0231714311210149,0.01391741352103,-0.0023165644644942,-0.0125133668167549,-5.406720554956834e-05,0.0,-0.003183730474495,0
1972-01-31,-0.1000000000000005,-1.08,0.0151001584327588,0.0393826315936598,0.0116340654501767,0.0599411671382563,-0.0173443474994261,-5.380313434377726e-05,0.0,-2.796481698119635e-05,0
1972-02-29,-0.2000000000000001,-1.0199999999999996,0.0181221224349954,0.0452306982318742,0.0089895982473602,0.1256322009800117,-0.0090559529731963,0.0023648398712023,0.0,0.0020246734721851,0
1972-03-31,-0.2000000000000001,-0.2799999999999998,0.0192196304212313,0.0406957584478999,0.0186850626914498,0.0825140349643085,0.0063911007687815,-5.328076299360163e-05,0.0,0.0067610036370009,0
1972-04-30,-0.2000000000000001,0.33,0.0157708988301834,0.0269002977750503,0.0214509735647632,0.0518739582962499,0.0180117110874897,-5.302242555327297e-05,0.0,0.0011743788419824,0
1972-05-31,-0.2000000000000001,0.4899999999999997,0.0118677322596774,0.0169119822684686,0.0240431469829469,0.023486283858733,0.0222183728469174,-0.0048895276910116,0.0,-0.0055434149297983,0
1972-06-30,-0.2000000000000001,0.1800000000000001,0.0083555520584006,0.0125990832691611,0.0111420727503768,0.0027816429618772,0.0175307018635848,-5.251135559225517e-05,0.0,-0.0102946526532914,0
1972-07-31,-0.4000000000000003,0.27,0.0130340138403095,0.0017838879643736,0.0155708640090059,-0.0148150857851412,0.0024313305155398,-5.225858711366271e-05,0.0,-0.0002593899054303,0
1972-08-31,-0.5,0.3299999999999996,0.0180841671046909,0.0153231166366034,0.0159330655386189,0.0301806171499912,-0.0047388572266608,0.002366373224925,0.0,0.0096380191766831,0
1972-09-30,-0.5,0.75,0.0190596306367751,0.0204067671397307,0.0144220887580845,0.0128796628636607,-0.0080397444944617,0.0023263639100923,0.0,0.0155933985303455,0
1972-10-31,-0.2000000000000001,0.7600000000000002,0.0358210280921582,0.0341211422157758,0.0234500775156374,0.0221411258772139,0.0066930936270317,0.0023209692171977,0.0,0.0072662146579238,0
1972-11-30,-0.7000000000000002,0.7600000000000007,0.0367037755256873,0.0322572551395761,0.0220027693653825,0.036271114415503,0.0166733824195608,0.0046768756489461,0.0,-0.0013443122478573,0
1972-12-31,-0.7999999999999998,0.4100000000000001,0.0366023873432403,0.0357396952869022,0.0241071181316097,0.0714274435963329,0.0218697826912457,-9.027664154404036e-05,0.0,-0.0070683786620575,0
1973-01-31,-0.8999999999999995,0.6699999999999999,0.0098305033946939,0.0301932025700062,0.0174543150224031,0.0772313479359896,0.0130650843462554,0.002254817681357,0.0,-0.0061374795793671,0
1973-02-28,-0.7000000000000002,0.8199999999999994,0.0033653723052875,0.0326915693255265,0.0196706737660909,-0.0078500185059269,0.0242925713893837,0.0021892181458298,0.0,-0.0071310325271172,0
1973-03-31,-0.8999999999999995,1.0199999999999996,0.0008730731713519,0.0219215470728832,0.0171458022651083,-0.0443743961246223,0.0379516925104992,0.0114990299339523,0.0,-0.0142970078850135,0
1973-04-30,-0.7000000000000002,0.8499999999999996,0.0067891081366582,0.0133197822725881,0.0034897897482664,-0.070864796190448,0.0379106036710688,0.0113704826743528,0.0,-0.0177695037334375,0
1973-05-31,-0.7999999999999998,0.7600000000000007,0.0074872064778688,0.0055995881249555,-0.0005265837126469,-0.0632550485852085,-0.0045570165581239,0.006662450931913,0.0,-0.0096460806211835,0
1973-06-30,-0.7999999999999998,1.1000000000000003,0.0091075471245218,0.0064591281873278,-0.0043205715559357,-0.0700101655726497,-0.0323910185441667,-0.0026900171986947,0.0,0.0057640368100413,0
1973-07-31,-0.7999999999999998,1.75,0.010118351974226,0.0115334842333556,0.0075371515949154,-0.041653406835258,-0.0342422302836338,-0.0117724948848576,0.0,0.0087542305755894,0
1973-08-31,-0.7999999999999998,2.31,0.0027880654517282,0.0035891181337586,-0.0070477421891541,-0.0322302779049135,-0.0104615472242297,0.0040339653016308,0.1911773592517172,-0.0010701480075283,0
1973-09-30,-0.7000000000000002,1.0999999999999988,0.0059100292759843,0.0102217200968928,0.0100175969080411,0.0076045993852194,-0.0164043972081922,0.0041069497772401,0.1911773592517172,-0.0146630880186755,0
1973-10-31,-1.0,-0.79,0.0116367735603368,0.0145591312106887,-0.004796172263493,0.0371100096512311,-0.0270624487354895,0.0198062404545802,0.1911773592517172,-0.0130222716498575,0
1973-11-30,-0.5,-0.8399999999999999,0.0168959985078149,0.020504824391204,0.0094677346020985,-0.0174931574475172,-0.0408746122808478,-0.0049455423930142,-0.1911773592517172,-0.002440376503995,1
1973-12-31,-0.2999999999999998,-0.839999999999999,0.0083129880855157,0.0097604751829467,-0.0136147230888905,-0.1080999547327188,-0.0195555808349414,0.0016725764994691,-0.1911773592517172,0.0119433925428458,1
1974-01-31,0.1999999999999993,0.5499999999999998,-0.0089287831620801,-0.0049415606068334,-0.0072906900381601,-0.1331671602402373,-0.0005031543904658,-0.0052074410334275,0.6614097696650063,0.012825312517446,1
1974-02-28,0.2000000000000001,-0.71,-0.0172370091167461,-0.0125317365345929,-0.0148574363236915,-0.0875462793826988,0.0180499360491168,0.010242551135208,0.8525871289167235,0.0058937350377537,1
1974-03-31,0.1999999999999993,0.5099999999999998,-0.0211494245835837,-0.0097670860320109,-0.0047808856003421,0.0276783874221449,0.0291784823622185,0.0078388041512194,0.8525871289167235,-0.0021958280037353,1
1974-04-30,0.0999999999999996,0.5600000000000005,-0.0131775424768676,-0.0060307979501637,-0.0008841264523016,-0.0387172502751136,0.0469253334466701,0.0014234877848537,-0.8525871289167235,-0.0048536310745772,1
1974-05-31,0.1999999999999993,1.1100000000000003,-0.0062470328228894,0.0049631493185673,0.0077915112966575,-0.0412902689376153,0.0453517601076418,-0.0029319430228267,-0.8525871289167235,-0.0059004142729239,1
1974-06-30,0.5,-0.0599999999999996,-0.0003741448675,0.0031198664711058,0.0038618978359621,-0.0817631934288698,0.018645501726044,-0.0070890197920054,-0.8525871289167235,-0.0081114245575761,1
1974-07-31,0.7000000000000002,-0.7800000000000002,0.0041633738655839,0.0080695480624317,0.0038138332829964,-0.1534118944648508,-0.0207123701527436,-0.0027570702511856,0.0,-0.0055469598943229,1
1974-08-31,0.7000000000000002,0.7300000000000004,0.0015763146964502,-0.010535856221316,0.0083611939763952,-0.1650082657236113,-0.0270551091613135,-0.0007157635575363,0.0,-0.0011588760480485,1
1974-09-30,1.1000000000000003,0.1600000000000001,0.0012207633637171,-0.00846912108591,0.000671651049517,-0.2762027547382297,-0.0218908801782236,0.0073366195695769,0.0,0.0026297171019926,1
1974-10-31,1.4000000000000004,-0.0899999999999998,0.0004940306705911,-0.0136545451820815,-0.0053717969151723,-0.1329011537431332,-0.0220352310737572,0.0092596477387525,0.098810923920785,0.0037203676333241,1
1974-11-30,1.7999999999999998,-1.490000000000001,-0.003799108493709,-0.0364527511650676,-0.0234680268494256,-0.0580795271362086,-0.026735980227583,0.0051633330611928,0.098810923920785,0.0054642787913623,1
1974-12-31,2.3,-0.91,-0.0033677047087117,-0.0732322332410024,-0.0153479377002669,-0.0155340056828414,-0.0255454433275179,-0.0067640643043702,0.098810923920785,0.0044259078401642,1
1975-01-31,3.0,-1.2000000000000002,-0.007518847330445,-0.0840219816820231,-0.0044749160159498,0.0439507354547865,-0.0157203015809868,-0.0087308133291297,-0.098810923920785,0.0010369880530358,1
1975-02-28,2.8999999999999995,-1.97,-0.0020322809364063,-0.0736477572301823,0.0148598539531898,0.1102273819701773,-0.0214811181746936,-0.0104264928382438,-0.098810923920785,0.000834159799413,1
1975-03-31,3.5,-1.66,-0.0006790450006821,-0.0480962502336179,0.0146762866507499,0.2224574654072428,-0.0339500157233709,-0.0081748133380501,-0.098810923920785,0.0092021042255199,1
1975-04-30,3.700000000000001,-0.6499999999999995,0.0014693266824536,-0.0322209581662606,0.0076943912985876,0.1549378954862694,-0.0344151873861697,-0.0118751958653069,0.0,0.0168351920277229,0
1975-05-31,3.9,-0.2699999999999996,0.008042601782531,-0.0120700173980523,0.0188064826877036,0.117644310539978,-0.0227531513110088,-0.0116735035697446,0.0,0.0192070587755086,0
1975-06-30,3.4000000000000004,-0.1500000000000003,0.0245984170054693,0.005296053070638,0.0223447588816911,0.0979326631287493,-0.0020354604145795,-0.004021937350628,0.0,0.0151913154358691,0
1975-07-31,3.1,0.5199999999999996,0.0122924935655746,0.0137428450935295,0.0252515771167072,0.0877488292730177,0.001771644048536,0.0053965905309079,0.0,0.0106034560190062,0
1975-08-31,2.9000000000000004,1.21,0.0136372838479612,0.0264667413499992,0.0080363272449552,-0.0499506597035006,0.0058295391624492,0.011043171693478,0.0,0.0001527961146603,0
1975-09-30,2.5,1.08,-0.0013009401821175,0.0330243909516827,0.0091563752859866,-0.0873656309934522,0.008793972029081,0.0071817656591535,0.0,-0.0110941381239761,0
1975-10-31,2.4000000000000004,-0.1699999999999999,0.0144663061522258,0.0269868771130874,0.0050500820178176,-0.0433073307446774,0.0151522810919573,-0.0021628310609425,0.0,-0.0188737288138085,0
1975-11-30,1.700000000000001,-0.96,0.006972294989529,0.0185604987971186,0.0100149521976202,0.0496176408848603,0.0153584595371585,-0.0004119801150186,0.0,-0.0125410943651926,0
1975-12-31,0.9999999999999992,-0.9799999999999996,0.0060846582622744,0.0191689105718335,0.0169875662159659,0.0464985416613483,0.0128149458402297,-0.0022029103432212,0.0,-0.0045590249619431,0
1976-01-31,-0.1999999999999993,-1.09,0.0079621944119434,0.0280247950155274,0.0269116984665735,0.0894734371535914,0.0047522013554281,-0.0002687810794297,0.0,0.0054419691134031,0
1976-02-29,-0.3999999999999994,-0.6000000000000005,0.0138258204830421,0.0366815717055941,0.0185327765348408,0.1105651118699873,-0.0014585959731503,-0.0093005284499243,0.0750675730334227,0.0087120906065907,0
1976-03-31,-1.0,-0.4400000000000004,0.0149791525655693,0.0252280084099716,0.013983434622284,0.1308502367108914,-0.0242679126967804,-0.0109808290270638,0.0808694956495306,0.0081134727921554,0
1976-04-30,-1.1000000000000003,-0.0099999999999997,0.0122718819926586,0.0171815686890144,0.0112448319793987,0.0507253032535963,-0.0283669469298013,-0.0108985777303942,0.086637950046271,0.0043161746061288,0
1976-05-31,-1.5999999999999996,0.3200000000000003,0.0076182648970135,0.0112605896408486,0.0048956852648367,0.0059464991877264,-0.0168888201253869,-0.001886693289804,-0.0634971960205743,-0.0025226203699366,0
1976-06-30,-1.200000000000001,0.4100000000000001,0.0064754719383959,0.0102949631908764,0.011297315674974,0.0068999780899963,0.0191859103871312,0.0052540305199437,-0.0751010412527901,-0.006773802047352,0
1976-07-31,-0.7999999999999998,0.3700000000000001,0.0087628855684283,0.0107774641164981,0.0070667026484207,0.0223201890905873,0.0380766704236936,0.0105535121645132,-0.086637950046271,-0.0090168832972885,0
1976-08-31,-0.6000000000000005,-0.0600000000000005,0.0104429875623406,0.0134766485136137,0.0160172161711016,0.0205386192722274,0.0276454923980447,0.0069266868737205,-0.0115703770128483,-0.0056018879407027,0
1976-09-30,-0.8000000000000007,-0.33,0.0098314490260076,0.0156840067124175,0.0083737241880061,0.0357008487996992,0.0136492098036997,0.0033258369695818,0.1271464787404697,0.0043979483919054,0
1976-10-31,-0.7000000000000002,-0.3100000000000005,0.003373715951124,0.0098146129537437,0.0070496375506619,-0.0223201890905873,0.008883680718049,-0.0002493385614998,0.1329149331372101,0.0112515231907091,0
1976-11-30,-0.5000000000000009,-0.3899999999999997,0.0092750948827671,0.018271622026329,0.0110548661273073,-0.0205386192722274,0.0149722757825685,-0.0019664250795088,0.1329149331372101,0.0108120836175471,0
1976-12-31,-0.3999999999999994,-0.7300000000000004,0.0114694916529796,0.0256907379818009,0.0205049417703788,-0.0076118350396301,0.0107429046115523,-0.0019550348358032,-0.1329149331372101,0.0060749554867021,0
1977-01-31,-0.4000000000000003,-0.2999999999999998,0.0069271784968449,0.0190190627418771,0.0160664165028254,0.0184740305031088,-4.059602579964405e-05,-0.0019437744892982,-0.1329149331372101,0.0001041012479428,0
1977-02-28,-0.1000000000000005,-0.08,0.0014331335483159,0.0194882137742764,0.0158473787742363,-0.0019782400121055,-0.0036672773532009,0.0065786020086422,-0.1329149331372101,-0.0012900026566011,0
1977-03-31,-0.1999999999999993,0.25,0.0027950791467556,0.02130603230477,0.0033451773074317,-0.0399468602108523,-0.0013700979494721,0.0065463621047872,0.0,-0.0052266402787806,0
1977-04-30,-0.5,-0.08,0.0119617524648454,0.0379427179629341,0.0076198739509947,-0.046841197587228,0.0057804638699296,0.0081824931329483,0.0,-0.0060142886571838,0
1977-05-31,-0.4000000000000003,0.29,0.0112231389344525,0.0300032753346024,0.0048260190186808,-0.0224278523642809,0.0041308342825008,-0.0053805958347181,0.0,-0.0077152991654063,0
1977-06-30,-0.3999999999999994,0.4199999999999999,0.0083373838906535,0.0251645825579998,0.0037777223067112,-0.0131073966201356,0.0021246672225831,-0.0053518932716309,0.0,-0.0068385011701872,0
1977-07-31,-0.8999999999999995,0.6500000000000004,0.0095747758715667,0.0168066236714952,0.0104580659646833,0.0115434155062041,0.0013942536374775,-0.0086596086380286,0.0,-0.0067559526257223,0
1977-08-31,-0.7999999999999998,0.5300000000000002,0.0109933391311987,0.0099355441323516,0.0071327428803611,-0.0102794656115037,0.0062893613099994,-0.0002235324483219,0.0661110251120624,-0.0034195808624861,0
1977-09-30,-0.7999999999999998,0.79,0.0156725270034066,0.0063132258461151,0.0106214655035747,-0.0313037016771939,0.0047441478567975,-0.001851313060122,0.0661110251120624,-0.0013009754385766,0
1977-10-31,-0.9000000000000004,0.9699999999999998,0.0187338514426524,0.0064931717619542,0.0108785067805134,-0.0666431961562041,0.0052644415145826,-0.0001731451826678,0.0661110251120624,-0.0003286640096922,0
1977-11-30,-1.0,0.6099999999999994,0.0226846665664517,0.007465446452711,0.0175196974637734,-0.0361441207975445,-0.0021004507103512,-0.0002169949952319,-0.0661110251120624,-0.0025699440785729,0
1977-12-31,-1.3999999999999997,0.2600000000000007,0.0208811759562816,0.005122752158893,0.0163869278447594,-0.0253631064679975,0.000395153407771,0.0030451049458717,-0.0661110251120624,-0.0038987970163546,0
1978-01-31,-1.0999999999999996,0.2800000000000002,0.0087547343691305,-0.0110939742562732,-0.0027085522699787,-0.0379413952815692,-0.0010666770828446,0.0046274955320475,-0.0661110251120624,-0.0017235719034758,0
1978-02-28,-1.2999999999999998,0.3500000000000005,0.0053603390966081,-0.0075883304784634,0.0057006548340599,-0.057857452690035,0.0082006523205286,0.0013778224788989,0.0,-0.0021925010847869,0
1978-03-31,-1.1000000000000003,0.2199999999999997,0.0066192016170987,0.0098262371794701,0.0136614983501202,-0.0547662030363556,0.0145624001752615,0.0013208527985311,0.0,-0.0020610728246435,0
1978-04-30,-1.1000000000000003,-0.1500000000000003,0.015853283304585,0.0441650908547903,0.0304267849745052,0.0268927444059006,0.0161904847839995,0.001258336645213,0.0,-0.0042409992644847,0
1978-05-31,-1.0,-0.04,0.0125322285951199,0.0436392795698892,0.0199261288980925,0.0905172494049688,0.0116750282191038,0.007530156063753,0.0,0.0011279194431814,0
1978-06-30,-1.2999999999999998,0.4400000000000004,0.0105023354501092,0.0309709104145654,0.0132372206974449,0.0948802087695579,0.002474138811733,0.0074209728026843,0.0,0.0030554355746268,0
1978-07-31,-0.7000000000000002,0.7199999999999998,0.0102767597916599,0.0105577270357266,0.0024766692414424,0.0471914838964879,-0.0041080028215523,0.0057728675131043,0.0,0.0020148399297612,0
1978-08-31,-1.0999999999999996,0.6699999999999999,0.0136415562631171,0.0096835183703412,0.0074720148387008,0.0645000233223171,-0.0116191847756716,-0.0020572797034592,0.0,-0.0018626751989083,0
1978-09-30,-0.7999999999999998,1.1199999999999992,0.0113138317293604,0.0056895673156538,0.0026085798040265,0.0619368394716675,-0.0142192615888196,-0.0021087306862854,0.0,-0.0002492484266785,0
1978-10-31,-1.0,0.9800000000000004,0.0094719370740055,0.0140804417820725,0.0090688588874074,0.0344844321502595,-0.0124634709786652,-0.0005968799212885,0.0,0.0030127892176423,0
1978-11-30,-0.8999999999999995,1.5600000000000005,0.006697587718353,0.017738898119278,0.0037002817428559,-0.0926093068671711,-0.0034101786181643,0.0025159386632882,0.0,0.0016173304806237,0
1978-12-31,-0.4000000000000003,1.2300000000000004,0.0110555308664057,0.0203362599820833,0.0113443029283657,-0.0779355292699888,-0.0021379331743975,-0.0019805908633294,0.0,-0.0044065381478022,0
1979-01-31,-0.5,1.3599999999999994,0.0107320030022499,0.007259669602917,0.0060203442349759,-0.0088862848249373,-0.0002726420763945,-0.0034842000458858,0.0,-0.006902768024152,0
1979-02-28,-0.3999999999999994,0.6799999999999997,0.0129304608268974,0.0044984958308216,0.0072710326122371,0.0364920764487681,0.0015752000683146,0.0008841083751169,0.0651696350745809,-0.0053503431414378,0
1979-03-31,-0.5,0.4000000000000003,0.0102854255803492,0.0025485775890312,0.0022180499134489,0.0406763174859818,0.0151145305427577,0.0081955277722718,0.0651696350745809,0.0003402502399172,0
1979-04-30,-0.2999999999999998,0.1100000000000012,-0.0010475709520001,-0.0038872155051818,0.0001782690084048,0.023686752329918,0.0278567482768803,0.0095466979404728,0.0651696350745809,0.0078220760288694,0
1979-05-31,-0.4000000000000003,0.2899999999999991,-0.0084504777551028,3.8626369063266e-06,-0.0018646506224033,0.0151548667269985,0.0254895472957636,0.0064237419767749,0.0675728028739097,0.0095782059280509,0
1979-06-30,-0.2000000000000001,-0.4199999999999999,-0.0120040718667624,-0.0029250527243993,-0.000265906372979,0.0158576167333395,0.017056091373111,0.0033447819839027,0.121349199654714,0.0092145612896903,0
1979-07-31,-0.5,-0.2200000000000006,0.0035602771157137,0.0073339615132246,0.0044168504715145,0.0058593917638933,-0.0026830306774012,0.0032328974181785,0.2512746221368225,0.0010611827927213,0
1979-08-31,0.0999999999999996,-0.0899999999999998,0.0086124284848541,-0.007996629907927,0.0123658281161795,0.0740936476609874,-0.0141368731142383,0.0004079231278373,0.2484903567719056,0.0022409230043951,0
1979-09-30,-0.0999999999999996,1.1999999999999993,0.0090791430687175,-0.0082250572276203,0.0122466692654596,0.0656441044453206,-0.0204681089941356,-0.0023585007187509,0.2136969174927254,-0.0034277261948156,0
1979-10-31,0.2000000000000001,2.459999999999999,0.0015443020955583,0.0002823427505016,0.0098012587243867,0.0173749544703527,-0.0236132040282841,-0.0037375068417917,-0.0287621847596222,-0.0053694498076879,0
1979-11-30,0.0,2.27,0.0031691860162172,0.0052097255790077,0.0015788553656959,-0.0350580668392828,-0.0209364261591336,-0.0009743887587125,-0.2243903232274267,-0.0122310242494343,0
1979-12-31,0.0,1.7799999999999994,0.0057733044863184,0.0059612897671281,-0.0038604440655478,-0.0073937490249376,-0.021206948929592,0.0030340387322862,-0.2688797501609334,-0.008230740729811,0
1980-01-31,0.3999999999999994,0.3000000000000007,0.0071694090995961,0.0043699996711183,0.0075573357657159,0.0594418229514559,-0.0100413397260288,0.0068658059263944,-0.1737378131025635,-0.0025305248808553,1
1980-02-29,0.3999999999999994,1.0700000000000005,-0.0006106122375335,0.0063553932446116,-0.0033653807570281,0.1060353120395314,0.0059027591814837,0.0079839710896507,0.0200882366661083,0.0061358113193978,1
1980-03-31,0.5,3.16,-0.0084545062624723,0.0014698092281211,-0.0085635354045785,-0.0291785405984059,0.0146367407503751,0.0077200428901633,0.0250100683296068,0.0041664279482951,1
1980-04-30,1.1000000000000003,1.1999999999999993,-0.0110523235787276,-0.0238518199212061,-0.0293800443468366,-0.0738999061266856,0.0101495756229113,-5.259835894300125e-05,0.0811163232221665,-0.0020884290145675,1
1980-05-31,1.9000000000000004,-4.279999999999999,-0.0095888416903484,-0.0490378696471549,-0.0258937205697629,-0.0681878431126703,-0.0222810669804029,-0.0051083627817547,-0.1115479488962263,-0.007616165939698,1
1980-06-30,1.8999999999999997,-8.129999999999999,-0.0018890336918726,-0.0578206982038382,-0.0130293064915272,0.0903486864041482,-0.0420884216759436,-0.0112475382963941,-0.1176315582100033,0.0018574363068966,1
1980-07-31,2.1,-5.139999999999999,0.0067178982059559,-0.0449423683057377,0.0083470450351827,0.1510946974517129,-0.039369630865047,-0.0157091409123681,-0.1950605825713842,0.0153508320923281,1
1980-08-31,1.7000000000000002,0.5500000000000007,0.0119140290214563,-0.0169384679214266,0.0144252654449013,0.1368915719056893,0.0046371890690695,-0.0154128034377301,-0.1040972714435422,0.0202421687059324,0
1980-09-30,1.5999999999999996,3.1999999999999997,0.0138191747284857,0.012604939613896,0.0099509237621542,0.0987945038869355,0.0347997983207344,-0.0126951191337951,-0.1314962456316566,0.0094624702001224,0
1980-10-31,1.5,3.5599999999999987,0.0149929921354576,0.0323714975067819,0.0137977954763899,0.0832480440931195,0.0492682959803261,0.0043100646685898,-0.0927817334509661,-0.0033060485080884,0
1980-11-30,1.5999999999999996,4.6,0.0153031129310399,0.0457120857072563,0.0098255515105933,0.0942054107727914,0.0408736389809583,0.0102445893593277,-0.0153527090895853,-0.0102869468153903,0
1980-12-31,1.2000000000000002,5.220000000000001,0.0158359514968395,0.0357324133416434,0.0166692575155473,0.0538591696727293,0.030196413060592,0.0125347422043233,0.1201807076390806,-0.0126169557177178,0
1981-01-31,1.2000000000000002,3.4000000000000004,0.004011238814515,0.0167635923192746,0.0045281332391615,0.0212773984472853,0.0003341252970487,0.0039828081258486,0.1468489547212419,-0.0112620931488045,0
1981-02-28,1.1000000000000003,1.0599999999999987,-0.0011887371787597,-0.0038801913218864,0.0048037585053659,-0.0552961755849628,-0.0346901472813847,-0.0007864039900224,0.1081344425405514,-0.0074801000853135,0
1981-03-31,1.1000000000000003,-2.130000000000001,-0.0028651836334905,-0.0054070258574254,0.0006703487521688,-0.0022497197340154,-0.0493354044615417,-0.0042178805358243,-0.0007307271059531,0.0064838262411859,0
1981-04-30,0.2999999999999998,-1.33,-0.001480368316379,-0.0032783078144973,-0.0031821592531877,0.0104712998672953,-0.0216328534555989,-0.0075337256950946,-0.0540672212702757,0.0181800607641893,0
1981-05-31,0.0,1.5100000000000016,0.004304564642533,0.006514143348772,-0.0002045677053175,0.0253762174933749,0.0159027768585726,-0.0085175767439675,-0.0540672212702757,0.0134729894606806,0
1981-06-30,-0.0999999999999996,1.370000000000001,0.0066332456229787,0.0066626509882725,0.0036353629590433,-0.0067796869853786,0.0353761263863683,-0.0039261887061794,-0.080735468352437,-0.0023599657759385,0
1981-07-31,-0.5999999999999996,1.2599999999999998,0.0233834790934075,0.0173678668688328,0.0051622425977067,-0.0402331302364524,0.0218959314373234,0.0050246342428819,-0.0540672212702757,-0.0184401531694318,1
1981-08-31,-0.2999999999999998,-0.7900000000000009,0.0241760486916557,0.0104262699762234,0.0110161122172702,-0.0160738248310616,0.0032626222393155,0.0083554069112548,-0.0540672212702757,-0.0097960208286842,1
1981-09-30,0.0999999999999996,-0.0300000000000011,0.0172090745027198,0.0004188408300511,-0.0023251093103406,-0.1118483001365691,-0.013047075999653,0.007106340482295,0.0540672212702757,0.0007658661531024,1
1981-10-31,0.4000000000000003,-1.41,-0.0015138596571038,-0.0138245390437732,-0.0056302020107676,-0.0747636121712478,-0.0133133071410931,-0.006027264851391,0.0258963443035793,0.0098576002323431,1
1981-11-30,0.8000000000000007,-4.65,-0.0041489228410043,-0.0242436948519721,-0.0138551523634036,-0.0530817673461845,-0.0113244827246132,-0.0102846360481674,0.0540672212702757,0.0064463933861116,1
1981-12-31,1.2999999999999998,-3.85,-0.0032999076855873,-0.0303390001340115,-0.0011354539395904,0.0454435892661546,0.0055764944367826,-0.0176404712688276,-0.0281708769666964,0.0074540695011391,1
1982-01-31,1.0999999999999996,-1.2599999999999998,-0.0017174469920533,-0.0432939049068199,0.002454347470175,-0.0210889300219188,0.0114557546541682,-0.0099026450366626,-0.0052381851644329,0.0043891060225194,1
1982-02-28,1.5,2.620000000000001,0.0013593735237211,-0.011398336880708,0.0133925374242562,-0.0707961935776948,0.0167148398756582,-0.0076555812697769,-0.1316284424784366,-0.0024940672451929,1
1982-03-31,1.5999999999999996,1.83,0.0013091115975374,-0.0072721145252114,0.0061567250293088,-0.1109405859373122,0.0028478158282201,-0.0043279087076149,-0.1779750979789423,-0.0110975857018846,1
1982-04-30,2.1000000000000005,0.4199999999999999,0.0104939014003004,0.0041644994171292,0.0085141520037539,-0.0085616961348113,0.005454966862378,-0.004313909467573,0.0215218493470827,-0.0090897765361939,1
1982-05-31,1.9000000000000004,-1.3900000000000006,0.006227024578548,-0.0226925110381315,0.0024840427550238,0.0164577123030431,-0.0016089567509203,0.0030428375175066,0.2613105476261905,0.0009096611673262,1
1982-06-30,2.1,-0.209999999999999,0.0035419566254315,-0.0184964431895484,-0.0018546429333796,-0.0099774070319984,0.0062986295870341,0.0176410247106524,0.4142899525539505,0.0043647018364714,1
1982-07-31,2.6000000000000005,-1.3499999999999996,-0.003330953343811,-0.0126079017250044,0.003408536186626,-0.0611621695367379,-0.0102698525628914,0.0196396679541752,0.0328907951301782,-0.0035611624715556,1
1982-08-31,2.4000000000000004,-3.41,-0.0013095570194661,-0.0150864461816135,0.0011244541095707,-0.0592831680161527,-0.0155267714933877,0.0060035954619843,-0.1863658522684756,-0.0065052924148369,1
1982-09-30,2.5,-4.550000000000001,0.0016398812955102,-0.0151027099657414,0.0155131113223281,0.1095450027970406,-0.0174196712678558,-0.016806397765996,-0.1923020621426538,-0.0042812633901627,1
1982-10-31,2.5,-3.64,0.0009414138443286,-0.0213096275808686,0.0140595326353194,0.1930800513502815,-0.0128977786930724,-0.0198404978357444,0.0225313564453077,0.0054583714471228,1
1982-11-30,2.5,-0.6099999999999994,0.0028236963138095,-0.0153535481918467,0.0213535303289726,0.2302286931340615,-0.0102052053088437,-0.0155296575375096,0.0625574791328151,0.0043684115133695,1
1982-12-31,2.3000000000000007,0.0200000000000004,0.0084047968574498,-0.0199108443619828,0.0166533628629368,0.130053128248198,-0.0245884309581496,-0.0071905805453544,-0.1320824983167554,0.0076503151831115,0
1983-01-31,1.8000000000000007,0.1500000000000003,0.0079240752393356,0.0080402295225838,0.0132755310897731,0.083803524441663,-0.0194810032883498,-0.0081758056023693,-0.1780277158835361,0.0262176267869538,0
1983-02-28,1.5,0.0399999999999991,0.0047956191092257,0.0050836716066418,0.005008310741593,0.0610930557651689,-0.0122098021270833,-0.003065919621835,-0.1710661140098879,0.0376577162824265,0
1983-03-31,1.3000000000000007,0.4099999999999992,0.0044501556282288,0.0205109081498315,0.0112279137304125,0.0858749112753036,0.001923932003284,0.0040858075225802,0.0203627766558263,0.0305256726134048,0
1983-04-30,0.8999999999999986,0.3500000000000005,0.006346296603688,0.0147318184590079,0.0163365492231508,0.0888000281891674,-0.0039592941856252,0.011191872252211,0.1157219994297058,-0.0121527177079601,0
1983-05-31,0.6999999999999993,0.08,0.0107232020508227,0.0270008523062865,0.0225065347684987,0.1114048819156297,-0.0082682524273085,0.012170535620255,0.2008195596409456,-0.0353856083162762,0
1983-06-30,0.5,0.4399999999999995,0.0072652951724556,0.024789164391227,0.0216226125367926,0.0911721187853809,-0.0043985223867331,0.0090789395686305,0.1687954201090415,-0.0369368997395893,0
1983-07-31,-0.4000000000000003,0.8699999999999992,0.0092922590043169,0.026993500256661,0.0222753109298854,0.0572993184477628,0.015523880778943,0.000919523346238,0.0524980791579361,-0.0170201265688438,0
1983-08-31,-0.3000000000000007,1.1500000000000004,0.0027364912828584,0.0326329770507052,0.0190000415383164,-0.0104135703684677,0.0302142287947893,-0.0031388635899078,0.0260948809848455,-0.0079115155269517,0
1983-09-30,-0.9000000000000004,0.2100000000000008,0.0081229809003993,0.0409555815549755,0.0121030221712432,0.004796172263493,0.0217355672156305,-0.0031546534961099,-0.0693755074893709,-0.0044676897405766,0
1983-10-31,-1.5999999999999996,-0.4399999999999995,0.0147736805474423,0.0339007480413253,0.0133013492334477,0.0041828564124077,0.0062104050166551,-0.0001004062437459,-0.0740098542591383,-0.0011645191171441,0
1983-11-30,-2.3000000000000007,-0.5800000000000001,0.0240747961563219,0.0265872544574099,0.0129210095854626,0.0170944333593006,-0.005661344356687,0.0009087676749039,-0.1287917235825886,0.0032874438600174,0
1983-12-31,-2.5,0.0,0.0260317919653427,0.0171381871746008,0.0211496272683318,-0.0168882180285212,0.00613118010207,-9.920969564714e-05,-0.0655337824523676,0.0048009791214393,0
1984-01-31,-2.4000000000000004,0.2599999999999998,0.0198583668971341,0.0290664392053567,0.019495440373658,-0.007782140442055,0.004204280707956,0.0028441972135011,0.0163213398499881,0.0018850834842645,0
1984-02-29,-2.6000000000000005,0.33,0.0175450347065009,0.0291076245672416,0.0039525218908003,-0.0490020510226454,0.0137203816243935,0.004787367004992,0.0772389615604005,0.0031988483327118,0
1984-03-31,-2.500000000000001,0.5199999999999996,0.0147464910021568,0.0289345998685779,0.0013399368819038,-0.0435121466387773,0.0123066281079076,0.0047736677834668,0.112701695008329,0.004894445825859,0
1984-04-30,-2.499999999999999,0.7899999999999991,0.0177450682046238,0.0152485214099078,0.0018531816070344,-0.0543343509633293,0.0281088597571796,-0.0011297185783778,0.0547389954478259,0.0063051109786442,0
1984-05-31,-2.6999999999999997,0.7400000000000002,0.0143549294813247,0.0160548908121334,0.020751111401311,-0.0044600265075303,0.0187673540535255,-0.0059941267414886,0.0021938378690786,-0.0004524183717276,0
1984-06-30,-2.8999999999999995,0.3499999999999996,0.015860099284449,0.0149283499678936,0.019165595543813,-0.0276990333196645,0.0051609439094262,-0.0069400792874425,-0.076860896624177,-0.0058780086961807,0
1984-07-31,-1.9000000000000004,0.4299999999999997,0.0117863999336975,0.0117361573147518,0.008335870230415,-0.0421183081450848,-0.0119028733882133,-0.0039700514596425,-0.0936585238029072,-0.0103081122451964,0
1984-08-31,-2.0,0.6400000000000006,0.0161408075295703,0.007612733675947,0.0066678974467659,0.0486076990653776,-0.0247224241569581,-7.561722563931284e-05,-0.0548657672132781,-0.009183042092844,0
1984-09-30,-1.8999999999999997,0.5,0.0163544479379922,0.0011428351834732,0.007160578287801,0.0814987139556109,-0.0214478902309913,0.0018525302455314,0.0040169736149353,-0.0050362591789525,0
1984-10-31,-1.4000000000000004,-0.379999999999999,0.0112151763162344,-0.0020458418934272,0.0078308532365403,0.0867907481966776,-0.0173184996127293,0.0018457027666514,0.0633327815427398,0.0013904055994009,0
1984-11-30,-1.2999999999999998,-1.8600000000000008,0.0099560946977597,9.353258838107335e-05,0.0181992592739903,0.011490903576802,-0.0013867149618702,-7.431905172428088e-05,0.0023214584899848,0.0107466687557282,0
1984-12-31,-1.0000000000000009,-2.3099999999999987,0.0090816473137778,0.0034151909894988,0.0125289126668448,-0.0096794464138225,0.0004851443724085,-0.0019851676013793,-0.1199387131330302,0.0141089667575737,0
1985-01-31,-0.7000000000000002,-1.9800000000000004,0.010910598398059,0.0032992175003432,0.0247846045064119,0.0404335695784903,-0.0087685765768839,-0.0038676872686957,-0.1154187777373194,0.0162243730722924,0
1985-02-28,-0.5999999999999996,-0.3399999999999998,0.0064527035564747,0.0028951795648017,0.0141899787896333,0.0841510062023678,-0.0149995705863998,0.0008681225165814,0.0103066413378032,0.0087608511801473,0
1985-03-31,-0.5999999999999996,0.4599999999999991,0.0039368427631991,0.0038729353981352,0.0116502271801115,0.0867073794192689,-0.010310202264617,0.0046351385703431,0.2468509507219143,-0.0016522169520056,0
1985-04-30,-0.4000000000000003,0.1900000000000004,0.0031718262854454,0.002192836699042,0.0054418506735558,0.051118453929023,-0.0021400684326033,0.0065313265924276,0.2313230877956216,-0.0137517472426313,0
1985-05-31,-0.2000000000000001,-0.7899999999999991,0.0045616432165669,0.0009595465097316,0.0131303756871119,0.021870745991829,-0.0016943428382178,-0.0010209029191727,0.0426994254187422,-0.0164435489910648,0
1985-06-30,0.2000000000000001,-1.5699999999999994,0.0038621063102173,-0.0010285144172508,0.0088226729481353,0.0515998248827687,-0.0094602006422341,-0.0057140525683507,-0.1443277358981194,-0.0061777141836492,0
1985-07-31,-0.0999999999999996,-0.8700000000000001,0.0071656242118365,-0.0038539437818641,0.0133782086532141,0.0638115127449543,0.0051277998333318,-0.005703191885277,-0.1689569240741772,0.0042515665136777,0
1985-08-31,-0.4000000000000003,-0.3400000000000007,0.0049499767439282,-0.0023319263948797,0.011987911147274,0.0182212972700277,0.0089220664271199,-0.0019223396614123,-0.0080576473930111,0.0076262520565979,0
1985-09-30,-0.2000000000000001,0.1499999999999994,0.0059944143871266,0.001893620054238,0.0309403486767694,-0.0257386862684319,0.0196510181858577,-0.0009670439641773,0.0809032525980444,-0.0014278519877599,0
1985-10-31,-0.3000000000000007,0.08,0.0093353403167899,0.003416493251183,0.0080003362605292,-0.0332747888848725,-0.0044040284876514,0.0008798391177347,0.1303297343034151,-0.0067969993264958,0
1985-11-30,-0.2000000000000001,0.1000000000000005,0.0109111113926658,0.003659151402787,0.0006320959051295,0.0477021486780699,-0.0033272035174647,0.0036343863376675,0.0997534295945237,-0.00881687388312,0
1985-12-31,-0.2999999999999998,0.0,0.0124228576215195,0.0098140027043296,-0.00201714642274,0.118687931202702,-0.0147908853546754,0.0073019475339481,-0.0795810311833689,-0.003562994266069,0
1986-01-31,-0.5999999999999996,-0.0899999999999998,0.0069836515229404,0.0185462397256612,0.0146591884856652,0.1116777913379021,0.0019902704000758,0.0054200996108901,-0.3303066827189149,-0.0020003579508642,0
1986-02-28,0.0,-0.1800000000000006,0.0103714804727861,0.0081962236049051,0.009530101395927,0.1051579634999528,-0.0065474719501459,-0.0037415249130132,-0.795366283674805,0.0003313666040307,0
1986-03-31,0.0,-0.54,0.013673822987867,-0.0087546293858808,0.0019451754989621,0.1138626203346291,0.0028739642977955,-0.0165274810289242,-0.7308943087136464,0.0018892555301768,0
1986-04-30,-0.2000000000000001,-1.010000000000001,0.017614201940999,-0.0128469495779857,0.0070828943423535,0.1337715174906062,-0.0010803206243519,-0.0237997557114741,-0.327412204640003,0.0082948615170268,0
1986-05-31,0.0,-0.9099999999999993,0.0137740534871451,-0.0040524681649403,0.0155501097065093,0.0834727624872666,0.0043885846952536,-0.012802970104083,0.690975117480519,0.0141442758402829,0
1986-06-30,-0.2000000000000001,-0.3499999999999996,0.0046637839548164,-0.0008532454838023,0.0098833433591378,0.0544523114880801,-0.0004950580235183,0.0064056535663867,0.8343878723051472,0.0116707054981946,0
1986-07-31,-0.4000000000000003,-0.2299999999999995,0.0061072205199117,0.0042142802739819,0.0102951853432169,0.009201235974408,-0.0027336021864954,0.0183118224118041,0.4757270057201497,0.0045255854063555,0
1986-08-31,-0.1999999999999993,-0.6200000000000001,0.0071277896333796,0.0005939380353954,0.0090837860808581,0.0268889002163312,0.0007298697919493,0.0118909773368134,-0.023185284815292,-0.0046207940467137,0
1986-09-30,-0.0999999999999996,-1.0,0.0077542299157276,0.0072276749740431,0.0330150889482858,-0.0289515671597468,0.0002356652872608,0.00272347865568,0.0365761844959071,-0.0041673385667868,0
1986-10-31,-0.0999999999999996,-0.6500000000000004,0.0032687051580104,0.0052772574494301,0.0114742855658316,-0.0117254274703153,-0.0018727902191022,-0.000960407667133,0.3535496574197103,-0.0036587708615893,0
1986-11-30,-0.0999999999999996,-0.1800000000000006,0.0027497193096852,0.010902247870395,0.0033764804166058,0.0004080799893397,0.0037014017508782,0.001783267044308,0.0306468223561839,-0.0030947504869081,0
1986-12-31,-0.4000000000000003,0.3200000000000003,0.0053511654195244,0.0176633283390543,0.0035103453467817,0.0423147949719142,0.0290396580600944,0.0017769327162309,-0.0267484063576577,-0.0015069102630667,0
1987-01-31,-0.1000000000000005,0.25,0.0034493357301368,0.0095505436569807,-0.006929839971872,0.1080947691227862,0.0498106387602481,0.0044580833121106,-0.0212536624892871,-0.0020778666985394,0
1987-02-28,-0.6000000000000005,0.2400000000000002,0.0048122082822086,0.0188772801020995,0.0151929885942756,0.1363324435761308,0.0264028722991414,0.0053286675489232,0.1456855941016259,-0.0035368576219552,0
1987-03-31,-0.6000000000000005,0.0599999999999996,0.0035488534756122,0.0107201963816647,-0.0054198185214242,0.1626194875953004,-0.0248627186110548,0.005309810254646,0.0547526091789349,-0.0129378553266077,0
1987-04-30,-0.7999999999999998,0.2099999999999999,0.004470519940174,0.0210988766999431,0.0247350135626205,0.0896229606837355,-0.0579196986181225,0.0007716627781775,-0.2287303435080057,-0.0121696982637606,0
1987-05-31,-0.9000000000000004,0.0700000000000002,0.0075137770129565,0.0140902245973988,0.0065263583059556,0.0287739149121026,-0.0361000817654018,-0.001925168886661,-0.0622631652904597,-0.0077559720178239,0
1987-06-30,-1.0,0.08,0.0043162076241145,0.0180811771641984,0.0095111125270088,0.0299736195204838,-0.0048095793935249,-0.0010363749425517,-0.0395901863678718,-0.0018155911763315,0
1987-07-31,-0.9000000000000004,0.0500000000000007,0.0084358855493196,0.0183168346974955,0.0096253280587332,0.0694306141243137,0.0062008496770769,-0.0018889929060472,0.1365122334348623,-0.0045618839464172,0
1987-08-31,-0.9000000000000004,0.3799999999999999,0.0077106860394309,0.0195496190044464,0.0166502046363361,0.1305001687212392,-0.003366843606952,0.0007624940970822,-0.0477201610908468,-0.0036997742809203,0
1987-09-30,-1.0999999999999996,0.7300000000000004,0.009540570404777,0.0181335744194557,0.0077480137214038,0.0558119352308956,0.0003104054121081,-0.0010026566189935,-0.1159405030034652,0.0013731063888524,0
1987-10-31,-1.0,0.4399999999999995,0.0127389052594217,0.0247369597131053,0.0022900167587995,-0.1013911922034962,0.0104274246192863,0.0007765060245201,-0.2089978216840351,0.0087255599683579,0
1987-11-30,-1.1000000000000003,-0.3499999999999996,0.012341614702807,0.0221995398270387,-0.0041535986034997,-0.2960146071988125,0.0112064535393381,-0.0018609688151904,-0.1124130271130527,0.0054479892135894,0
1987-12-31,-0.8999999999999995,-0.6300000000000008,0.0227110823673921,0.0237494954689019,0.0081824478526142,-0.2794532879326361,-0.0046076330424025,-0.0027012551109155,-0.0987727232236732,0.0006287501136652,0
1988-01-31,-0.8999999999999995,-0.3200000000000003,0.015293949788532,0.0101359256834721,0.0173327794001134,-0.1120447133779878,-0.0102620482778048,-0.0018315439279055,-0.0723394944257531,-0.0012849742626395,0
1988-02-29,-0.8999999999999995,-0.0300000000000002,0.0149205321831384,0.0102249667453566,0.0170902159034418,0.0520888961798409,-0.0051133738589124,-0.002669292929422,-0.051806470369065,0.0071541433580204,0
1988-03-31,-0.8999999999999995,-0.0699999999999994,0.0063216147963398,0.0069480860143311,0.0181086991484966,0.097570919275113,0.0033644369434462,-6.061533547363496e-05,0.063226449153289,0.0129318830092222,0
1988-04-30,-0.8999999999999995,0.1000000000000005,0.0097359160984851,0.0131614441762231,0.0054606129028789,0.0471730413437763,0.0105892567158338,0.0016336232934337,0.186344146849938,0.0104722187993493,0
1988-05-31,-0.7000000000000002,0.5999999999999996,0.0062213972094813,0.00612026105187,0.0109914303887057,-0.0077791135190885,0.0163341731804527,0.0042169988225904,0.1602845367929717,0.0010802547638375,0
1988-06-30,-0.7999999999999998,0.7599999999999998,0.0071177845366889,0.0068298398406474,0.0056279964763339,0.0186433438544879,0.0199748173472125,0.005038034692431,0.0803470305521725,-0.006128342069898,0
1988-07-31,-0.6999999999999993,0.8200000000000003,0.0090022678665153,0.0010304305003216,0.0121456310531713,0.0244510958641646,0.0101405124225948,0.0007393973957254,-0.1835140997585678,-0.0095253398918586,0
1988-08-31,-0.4000000000000003,0.7999999999999998,0.0106590585424033,0.00804829374957,0.0102407897170686,0.0292441001537611,-0.0088569295517713,0.0015596703609137,-0.1556228725863948,-0.0103383055752992,0
1988-09-30,-0.5,0.7800000000000002,0.0090637887555864,0.0019111407319742,0.0041784771091908,-0.0100242161093992,-0.0198981034710188,-0.0001616045540089,-0.1524235552811754,-0.0100903214789793,0
1988-10-31,-0.5999999999999996,0.6199999999999992,0.0101493234460665,0.0061571350921729,0.0099232638108093,0.0303774501478706,-0.019196470197115,0.0007140180260085,0.0265047760204715,-0.0063393243038509,0
1988-11-30,-0.5,0.7000000000000002,0.0077959721740494,0.0036985965430771,0.0078931800206909,0.0273067275204601,-0.00658647375813,-0.0018200296582122,0.0112904274950733,0.0006609014807033,0
1988-12-31,-0.4000000000000003,0.8300000000000001,0.0108829455218284,0.0114649862563869,0.0161119168164471,0.031223840451533,0.0052199542458426,-0.0026399901739804,0.2505135642826097,0.0042535704788608,0
1989-01-31,-0.2999999999999998,0.92,0.0142811659408099,0.0100052161655606,0.0097399869272098,0.0284311971620052,0.0033468801868732,-0.0009610898565366,0.3810905422769846,0.0027409392448092,0
1989-02-28,-0.5,0.7699999999999996,0.0169100261999286,0.0030211234461132,0.0051059540227593,0.0814609464589803,0.0149939564940915,-0.0001167833176705,0.3482190362096462,-0.0054890151822242,0
1989-03-31,-0.7000000000000002,0.75,0.0170674167055011,0.0010593708135209,-0.0009671700286455,0.0569373727354509,0.00299625096899,0.0023591619020892,0.0613060817659971,-0.006688692962264,0
1989-04-30,-0.2000000000000001,0.3800000000000008,0.0041668456077239,-0.0022351667885711,0.0031686925692979,0.0575281967426768,0.008755818342907,0.0047709479534487,-0.1079046923726938,-0.0040950763103593,0
1989-05-31,-0.3999999999999994,-0.0999999999999996,-0.0030758395692362,-0.003309634858903,0.0040960372940919,0.0654946965092264,-0.0146199565186497,0.0063739633149424,-0.1265720149965936,0.0024441057570623,0
1989-06-30,-0.1000000000000005,-0.6699999999999999,-0.0054777526502967,-0.0059012669592002,0.0067079106682488,0.1006689672343581,-0.0062704424919735,0.0030777268390567,-0.1501206531616397,0.0055159420300796,0
1989-07-31,-0.2000000000000001,-0.7700000000000005,0.0017687315689407,-0.0152587665492047,0.0037551517381859,0.093413816940516,-0.0021844757400177,-0.0042462768408402,-0.2256519603789604,0.010549371477218,0
1989-08-31,-0.3999999999999994,-0.5299999999999994,0.0082769829772644,-3.890678421303306e-05,0.0144902358994438,0.0990969134335975,0.005448628750849,-0.0106758733600562,-0.1950447093787732,0.0141756650788309,0
1989-09-30,-0.1000000000000005,-0.4000000000000003,0.0082460599607667,-0.003349978085203,0.0106441618107675,0.0703717988178294,0.0077007785151348,-0.0098038817482999,-0.049151120088235,0.0117534890907116,0
1989-10-31,-0.1000000000000005,-0.2400000000000002,0.0097384549551051,0.0050909972723269,0.007003126961993,0.0456431350810753,-0.0053514238311231,-0.0041057704202955,0.0911534451115358,0.0046941443981864,0
1989-11-30,0.1000000000000005,-0.2099999999999999,0.0085709149032524,-0.001242570691164,-0.0020693011881527,-0.0186376973197441,-0.009885420016146,0.0047357886392198,0.1461040943233755,-0.0016612592897722,0
