date,UNRATE,TB3MS,RPI,INDPRO,DPCERA3M086SBEA,S&P 500,BUSLOANS,CPIAUCSL,OILPRICEx,M2SL,USREC
1960-01-01,-0.707603335914456,0.25800017445363155,1.600569775401089,2.1244293615599767,-0.8698267463676149,0.04008394468825073,0.7022405178673969,-1.0656433381349757,-0.19230341792560526,0.1590128010919629,-0.464344285649792
1960-02-01,-0.9750907712618881,-0.213741987993149,0.7214664795868636,2.1244293615599767,-0.3497405859891323,-0.6045132749372276,0.7219123071705459,-0.6532881299065763,-0.19230341792560526,0.25111868820005295,-0.464344285649792
1960-03-01,-0.1726284652195919,-1.166853703957052,-0.41860677726432355,-0.02180240394463654,1.2990113660444085,-1.2731145809051305,-0.49713937843782996,-0.9446348578543762,-0.19230341792560526,0.15909943231062798,-0.464344285649792
1960-04-01,0.005696491678695309,-1.1090893575349967,-0.3858795752334028,-1.8708105285447196,2.5419069168667434,-0.8231479320423191,-0.5418397533902947,0.8750957301895652,-0.19230341792560526,0.06626697166001788,2.1475923211302876
1960-05-01,0.005696491678695309,-0.6758567593695864,-0.21342212689952547,-1.4454080368672184,-0.02164950204759479,-0.374131990260676,-0.015981189691767997,0.5805435416146293,-0.19230341792560526,0.5163181275685597,2.1475923211302876
1960-06-01,0.3623464054752713,-0.8491497986357508,-0.36603898841918153,-1.6435511627297925,-1.5737830384049425,0.3655017313359488,0.8852487190280511,1.166213745919752,-0.19230341792560526,0.6472008456009148,2.1475923211302876
1960-07-01,0.3623464054752713,-0.9261689271984905,-0.5955112020070938,-1.3992598016272766,-2.8032516886989236,-0.1956869941127134,-0.031183491696742515,-0.9408189163103768,-0.19230341792560526,0.9084242673071888,2.1475923211302876
1960-08-01,0.36234640547527047,-0.9839332736205454,-1.1442505155789846,-1.400111488977679,-0.9055036940837842,0.11676917686649829,-1.0105031569641891,-0.7062598509090906,-0.19230341792560526,1.515792083755844,2.1475923211302876
1960-09-01,0.005696491678695309,-0.011566775515957068,-1.0704436341615209,-1.2839497640978457,-0.3659932930314647,-0.8717922438098296,-1.9095245394043998,-1.1727951611716687,-0.19230341792560526,1.3277659005616904,2.1475923211302876
1960-10-01,0.36234640547527047,-0.03082155765664198,-0.9116438827928952,-1.157944153362941,-0.06562881461813752,-0.7947056501412437,-1.101082914103605,1.1022858638947515,-0.19230341792560526,0.5679658333745977,2.1475923211302876
1960-11-01,0.2731839270261269,0.036570179835755404,-1.2829632613061717,-1.870852202759043,-0.3398301136075934,-0.4996601149699866,-0.10843025107546667,0.7513262236327034,-0.19230341792560526,-0.9338741504728276,2.1475923211302876
1960-12-01,1.1648087115175663,-0.2522515522745184,-2.0895732963934677,-2.348705703829449,-2.1906073586926484,0.3027476465206021,0.9565690815628207,1.158340886165331,-0.19230341792560526,-0.9737706808564933,2.1475923211302876
1961-01-01,1.25397118996671,-0.08858590407869633,-1.2720994114647806,-2.218310983443773,-2.442324392536136,1.338793970699966,0.5545808727780644,-0.6460316326082196,-0.19230341792560526,-0.40256324911345387,2.1475923211302876
1961-02-01,1.8781085391107184,0.01731539769507011,-0.1486341792453152,-1.5085715399467392,-1.6740227245358492,1.4620980099473035,-0.12806817493317296,-0.6438560457211876,-0.19230341792560526,0.640923938489628,2.1475923211302876
1961-03-01,1.3431336684158544,0.1039619173281525,1.0409797208042955,-0.1253171739805704,1.0011716876055978,1.5684630093746612,-1.0858587753851159,-0.9913500605238302,-0.19230341792560526,0.7648608152354017,-0.464344285649792
1961-04-01,1.610621103763286,0.01731539769507011,0.11266234636680462,0.9189838513350389,0.78286490623576,1.2161998506935559,-0.4777744273191709,-0.69810432301616,-0.19230341792560526,0.45798229162684134,-0.464344285649792
1961-05-01,1.788946060661574,-0.15597764157109378,0.6374419791267092,1.819600232344052,1.0487479861543239,0.7712083267606932,-0.11625664151915557,-0.3506099559206802,-0.19230341792560526,-0.019473985364239176,-0.464344285649792
1961-06-01,1.3431336684158544,-0.08858590407869671,1.365799589789382,2.1244293615599767,-0.029745845078762313,0.11723951547698484,0.6515690416090403,-0.1768629485193588,-0.19230341792560526,-0.023855120673017902,-0.464344285649792
1961-07-01,1.3431336684158544,-0.07895851300835406,1.462675801489606,1.7614620630610172,-0.40786593036570934,-0.31276366856482196,0.2760264028744093,0.8058613369085789,-0.19230341792560526,-0.10471631072517526,-0.464344285649792
1961-08-01,0.8973212761701347,0.06545235304678258,0.4822983515927693,1.4216774891618968,-0.6822586972136301,0.059373666692186265,0.48395660542507685,0.5740257278425069,-0.19230341792560526,-0.18448413248225673,-0.464344285649792
1961-09-01,1.0756462330684227,-0.07895851300835445,-0.6400948434734548,0.601228952271044,-0.3339031297912763,0.14033254625819866,-0.11400809275923636,0.8044125732874892,-0.19230341792560526,-0.39167910139072903,-0.464344285649792
1961-10-01,0.3623464054752713,0.02694278876541237,0.31400963956293393,1.0139384823619746,0.6660774809861381,0.3428443480216476,0.04016048087485986,-0.29317479310138467,-0.19230341792560526,-0.1416755324571836,-0.464344285649792
1961-11-01,0.005696491678695309,0.05582496197643993,1.4572874318074458,1.3594278767428878,1.3289576112689092,0.47624573532461556,-0.06686606947886899,-0.3502202976494591,-0.19230341792560526,0.10592517952763529,-0.464344285649792
1961-12-01,-0.5292783790161679,0.27725495659431687,2.1108565493280658,1.8948358167504273,1.4704601280093048,0.7290956937616232,0.9858557035335243,-0.6384054877989774,-0.19230341792560526,0.26876403061648735,-0.464344285649792
1962-01-01,-0.707603335914456,0.37352886729774154,0.6293462422004399,0.3833738700960229,0.8273352489100493,0.006115984818889467,0.8421272790803914,-0.0039818691362330915,-0.19230341792560526,0.3032285481625297,-0.464344285649792
1962-02-01,-1.2425782066093198,0.2098632191019194,-0.01155664327443704,0.429287382410893,-0.27122316180289957,-0.40494269245454395,0.3532788432990466,0.5129624471577363,-0.19230341792560526,0.29688045676899827,-0.464344285649792
1962-03-01,-1.1534157281601762,0.0847071351874676,0.10728150040387834,0.2473025224942334,-0.12946825495783915,-0.5269349838331547,-1.0120612411512226,0.7416887713986888,-0.19230341792560526,0.567122478548942,-0.464344285649792
1962-04-01,-1.2425782066093198,-0.021194166586299815,0.9445807345483247,0.8377942045095733,0.21395881581146522,-0.4449591404467596,-0.6348355236304476,0.6254883215085895,-0.19230341792560526,0.5573854869023229,-0.464344285649792
1962-05-01,-1.420903163507607,-0.0693311219380118,0.5592956023387474,-0.10623231213391283,1.094626402145679,-1.8323265249822498,0.3080888169116116,-0.006507393655430841,-0.19230341792560526,0.2001010851520882,-0.464344285649792
1962-06-01,-1.2425782066093198,-0.021194166586299815,-0.19145436857777315,-0.5146418524477768,-0.3390323591428777,-3.1948221292070516,1.526987569548463,-0.6922270254511073,-0.19230341792560526,-0.6237083565336197,-0.464344285649792
1962-07-01,-1.420903163507607,0.15209887267986458,-0.22919059951416978,-0.10861803057749635,-0.36658166819059423,-2.8540068561707725,0.8343315200956695,-0.9199636784297777,-0.19230341792560526,-1.1235540462296232,-0.464344285649792
1962-08-01,-0.7967658143635996,0.09433452625780984,-0.20333579155437742,0.007354369761332232,-0.8930193114353788,-1.3138021590607138,0.12105770286293133,-0.5186112502025113,-0.19230341792560526,-0.8791726320550649,-0.464344285649792
1962-09-01,-0.9750907712618881,0.01731539769507011,-0.3280781019010679,0.46886012277356137,0.853489885494615,0.39235040072869937,-0.8396552520746629,0.9634491115183634,-0.19230341792560526,-0.28895011111734936,-0.464344285649792
1962-10-01,-0.9750907712618875,-0.20411459692280587,-0.26801145220786554,0.003933581182548485,-0.031641182497717336,-0.434074542041592,-0.11851025684698818,0.8508072454574738,-0.19230341792560526,0.36538956146555523,-0.464344285649792
1962-11-01,-0.3509534221178799,-0.021194166586299332,0.01576060708146215,0.1747343842610386,1.0961035156380878,0.1544940732537154,0.22037619663054356,0.3375477602021141,-0.19230341792560526,0.5881177289028389,-0.464344285649792
1962-12-01,-0.4401159005670243,0.055824961976440414,0.5930534231379639,-0.1703984221743395,0.49711113982234423,0.9136985608813077,0.2816041004395156,-1.4257144867386657,-0.19230341792560526,0.7664681345128649,-0.464344285649792
1963-01-01,-0.08346598677044827,0.13284409053917967,0.7125173729831114,0.16991419115772968,1.0035022373874287,1.948772510449711,-0.4168553239863915,-0.5740327628676354,-0.19230341792560526,0.5287959151431878,-0.464344285649792
1963-02-01,0.3623464054752713,0.05582496197643993,-0.5165423500814419,0.5608861057287429,-0.8334659467150636,1.1573523653165072,-0.8466207907663084,-0.005160383160530842,-0.19230341792560526,0.33306102202099835,-0.464344285649792
1963-03-01,0.09485897012783968,-0.011566775515957068,-0.5397136180024622,0.8955771236042601,-0.8896225959496744,0.4739798461829935,-0.6828965280507195,0.9605918710156076,-0.19230341792560526,-0.008734165937931315,-0.464344285649792
1963-04-01,0.09485897012783968,-0.040448948726984624,-1.00608602041547,0.9965483946362348,-0.4667597267813205,0.5934277658308759,-0.11653672180572368,-0.11715216936563906,-0.19230341792560526,-0.04766117853763067,-0.464344285649792
1963-05-01,0.3623464054752713,-0.021194166586299332,0.3040909098970329,1.0344995949241969,0.006910433886181479,0.6931256071827495,0.23061793874403888,-0.4006035548451234,-0.19230341792560526,-0.048586723787761514,-0.464344285649792
1963-06-01,0.09485897012783888,0.06545235304678258,0.33028632688132753,0.8631036773166015,0.499403764263794,0.7430089694029219,0.9049478400930078,-0.1754617095045365,-0.19230341792560526,-0.18852155462568118,-0.464344285649792
1963-07-01,0.18402144857698252,0.23874539231294697,0.031802605502805295,0.14663817748486344,0.6627884394283453,-0.15831090571236614,0.41340038885907876,0.9549230708368943,-0.19230341792560526,-0.1884513305325072,-0.464344285649792
1963-08-01,-0.26179094366873634,0.3446466940867135,-0.07473480956688754,-0.4018300119384473,0.9803074552615556,-0.048738104732226534,-0.0015098715479997641,1.1790415019313023,-0.19230341792560526,-0.3285761214331902,-0.464344285649792
1963-09-01,-0.08346598677044827,0.3446466940867135,0.205975447658282,-0.023636682074500554,-0.26411324111370343,0.3422981933134391,-0.8709908440563711,0.05104853738569367,-0.19230341792560526,-0.10974361286275772,-0.464344285649792
1963-10-01,0.09485897012783888,0.22911800124260434,0.8874290516843202,0.5701493239021478,-0.8797782325362115,0.5999011958150219,-0.1777704990201263,-0.8510787237769506,-0.19230341792560526,-0.28338973822309066,-0.464344285649792
1963-11-01,0.005696491678695309,0.16172626375020724,0.6916749123511681,0.7280257540204874,-0.46138166503773526,0.11306790489582647,1.0951683445989915,-1.1871127550120328,-0.19230341792560526,0.06703822446759125,-0.464344285649792
1963-12-01,0.005696491678695309,0.1039619173281525,0.844732946700945,0.07985334135105526,1.0251077263479984,0.040799568131118846,2.081343142151747,0.2741269227328412,-0.19230341792560526,-0.20820137933872912,-0.464344285649792
1964-01-01,-0.08346598677044907,0.036570179835755015,0.5786242731069756,0.18195372253872227,1.4328708038533224,0.45221009213828667,1.216918508263985,0.722620634097115,-0.19230341792560526,-0.16756805955838966,-0.464344285649792
1964-02-01,-0.4401159005670243,-0.021194166586299815,0.861782126768516,0.2841035466391635,1.3917222554548552,0.7162906725880673,-0.5801958312619347,0.5557154018338853,-0.19230341792560526,-0.6820600938516485,-0.464344285649792
1964-03-01,-0.26179094366873634,-0.011566775515957068,0.4749202483809126,0.3907875291767218,0.4884830939428206,0.670962538199503,-2.1500091133702814,-0.5647477369391953,-0.19230341792560526,-0.266155952843497,-0.464344285649792
1964-04-01,-0.35095342211788066,-0.07895851300835406,0.8140957160990824,0.7986442938420839,0.3327776527897047,0.435534423650589,-1.4208763870113137,-1.010469500943596,-0.19230341792560526,-0.19415136862719004,-0.464344285649792
1964-05-01,-0.7076033359144568,-0.07895851300835406,1.0685583818511815,0.7388745460412915,1.0595535342914906,0.398392487361261,-0.15896210905343455,-0.34022200026311794,-0.19230341792560526,0.11583852171527251,-0.464344285649792
1964-06-01,-0.3509534221178799,-0.08858590407869671,0.8587930843891639,0.8927659802121538,1.2977334292634224,0.04304711810230362,1.1629889674223723,0.05171580610313312,-0.19230341792560526,0.175887578424737,-0.464344285649792
1964-07-01,-0.6184408574653115,-0.040448948726984624,0.7705254281744154,0.3645125602548186,1.9006779385052837,0.3700258086567933,0.7401934251550153,0.3307857127167877,-0.3963700120842012,0.57082812194851,-0.464344285649792
1964-08-01,-0.35095342211788066,-0.011566775515957068,0.7236094676419773,0.4103673423603902,1.0604601554871786,0.007892637906434394,0.15489584927940203,-0.004171703335145454,-0.3963700120842012,0.7943949707790854,-0.464344285649792
1964-09-01,-0.35095342211788066,0.01731539769507011,0.8069731519719344,0.4585933938839724,-0.007503651155995872,0.34834842953943007,-0.15163772118763238,-0.004169999552362665,-0.3963700120842012,0.7473529189897581,-0.464344285649792
1964-10-01,-0.35095342211788066,0.07507974411712484,0.13961114822638437,-0.6603212995640304,-0.09884823277061108,0.062103804803651554,0.05528291990941346,0.16226014610557032,-0.19230341792560526,0.11727377172395179,-0.464344285649792
1964-11-01,-0.7967658143636004,0.1039619173281525,0.2848313064433122,0.6454434246860801,-1.7336326419262837,0.38310036330392416,0.39165169600508554,0.49416005969137844,-0.19230341792560526,-0.2770866624330296,-0.464344285649792
1964-12-01,-0.4401159005670243,0.26762756552397415,1.0686442293051914,1.0841297741501275,-0.2405700170841765,-0.12762847787608583,1.0998761202578822,0.5489104610317802,-0.19230341792560526,-0.7260389960381448,-0.464344285649792
1965-01-01,-0.6184408574653115,0.20023582803157716,1.8487971291846688,2.1244293615599767,-0.1786436554995053,-0.0050696710722438615,1.3717681356974407,0.3262422451029546,-0.19230341792560526,-0.2700338578564238,-0.464344285649792
1965-02-01,-0.2617909436687371,0.24837278338328922,1.0069839227647444,1.107526053930683,2.5198529076695477,0.00024672091550994213,1.4164972303319239,-0.5036083815270339,-0.19230341792560526,-0.13758212463146105,-0.464344285649792
1965-03-01,-0.6184408574653124,0.055824961976440414,0.3200213534628159,1.1845964762000145,1.8113342138381732,0.2723908120737929,0.11283009841772715,-0.6135812129402666,-0.19230341792560526,0.15319234924126793,-0.464344285649792
1965-04-01,-0.4401159005670243,0.0847071351874676,0.026373277553847954,0.8371056052944933,1.8134775485218546,0.08957447593065627,-0.20004269813601175,-0.3374327191337936,-0.19230341792560526,-0.22561711192552658,-0.464344285649792
1965-05-01,-0.4401159005670243,-0.0693311219380118,0.7011166668491522,0.9231266113519676,-0.001931681839678814,0.20042406971292145,-0.5005891106094665,0.7099242430352646,-0.19230341792560526,-0.5930005372807831,-0.464344285649792
1965-06-01,-0.5292783790161687,-0.1559776415710942,0.43708371871066504,0.6265118066691533,-1.2408152457151014,-0.5330229733830223,0.0684297532117589,1.3112402155118228,-0.19230341792560526,-0.559520278966637,-0.464344285649792
1965-07-01,-0.4401159005670243,-0.11746807728972436,0.795202044820023,0.8996658820700825,-0.6589561278618298,-0.7486228431115781,-0.24976445801570973,0.5422447549020081,-0.19230341792560526,-0.18497558372484055,-0.464344285649792
1965-08-01,-0.5292783790161679,-0.07895851300835445,0.6142676106767417,0.7057053263884132,0.23616167886717812,-0.6945468923573332,-0.39485911483497144,-0.719817762060489,-0.19230341792560526,0.554606569841608,-0.464344285649792
1965-09-01,-0.707603335914456,0.0847071351874676,2.9022548684333804,0.42215180556593346,2.5419069168667434,0.5115129757820677,-0.8156801032061534,-1.5942370423956107,-0.19230341792560526,0.6986605167590036,-0.464344285649792
1965-10-01,-0.7967658143635996,0.15209887267986505,2.020943341376354,0.4595027186954001,2.5419069168667434,0.8631498861737611,-0.6371109667807175,-0.71753640620933,-0.19230341792560526,0.5982852737992733,-0.464344285649792
1965-11-01,-0.6184408574653124,0.2098632191019194,2.465739666142889,0.4556771770299579,2.2518731948451047,0.7129128682568837,-0.3336310288342371,0.7038540123481836,-0.19230341792560526,0.28459608544031745,-0.464344285649792
1965-12-01,-0.885928292812744,0.4120384315791109,-0.11885992548160404,0.9921034718083533,0.6815382236318414,0.15908175423606064,0.40204145459800344,1.1927629452606079,-0.19230341792560526,0.009984011763724017,-0.464344285649792
1966-01-01,-0.7967658143636004,0.5083123422825351,0.8022105062994803,0.9778303276952294,-0.13407659900958369,0.08431092641799995,0.6118641089933365,0.8640920476168618,-0.19230341792560526,-0.16835762217490086,-0.464344285649792
1966-02-01,-1.1534157281601756,0.508312342282536,0.46611306254544477,1.1039000871621516,0.6386896284615103,-0.13841889615378059,0.4972065045171622,0.6905583539035863,-0.19230341792560526,-0.37213303037934253,-0.464344285649792
1966-03-01,-0.7967658143636004,0.1713536548205495,0.4680777848968865,1.1718566302084512,1.2531472652817517,-0.691789832527991,-0.4316341774107914,0.5247781588275312,-0.19230341792560526,-0.5681885229830561,-0.464344285649792
1966-04-01,-0.885928292812744,-0.0019393844456144203,0.024663423762481523,0.725118036254725,0.6199397890739399,-0.5000728052423556,-0.5502588298584256,0.8989005494113069,-0.19230341792560526,-0.6759496345527564,-0.464344285649792
1966-05-01,-0.618440857465312,-0.04044894872698501,-0.20682972790795265,0.889334396077263,-1.1182436453085889,-1.1995486137220153,-0.33096392458758006,-0.34130409163453074,-0.19230341792560526,-1.0387353550699876,-0.464344285649792
1966-06-01,-0.707603335914456,-0.11746807728972389,-0.2680860900026267,0.4039310932928065,-1.6692010609089543,-0.7018509510008832,1.1552258075539996,-0.7128481485430275,-0.19230341792560526,-1.1966408855519852,-0.464344285649792
1966-07-01,-0.5292783790161687,0.14247148160952192,0.392611819349633,0.6152042796274674,-0.7968085938990733,-1.1856683738986984,1.544135199205531,-1.2485489106706424,-0.19230341792560526,-1.67153786911224,-0.464344285649792
1966-08-01,-0.5292783790161687,0.27725495659431687,0.6304009848117944,0.1406445717061203,0.3829653098942652,-1.308623811054345,0.7315421047669033,0.14331548430684868,-0.19230341792560526,-0.8894553158109919,-0.464344285649792
1966-09-01,-0.5292783790161679,0.8067614654631518,0.7820268511843835,0.3905834197371741,1.0901718626925847,-1.7157145094696815,-1.515543508633912,0.888188559334203,0.011763176232990646,0.027837457952977807,-0.464344285649792
1966-10-01,-0.4401159005670243,0.49868495121219286,0.80170540283371,0.46943682310400764,-0.3115915347615618,-1.807703508651926,-2.4836841333457107,1.204403366645522,0.011763176232990646,0.8880438594825025,-0.464344285649792
1966-11-01,-0.4401159005670239,0.31576452087568674,0.9648001759522244,0.05030830423308385,-0.2521987929187953,-0.162622110037245,-1.8623163893283683,-0.38484101275453986,0.011763176232990646,0.59910280299252,-0.464344285649792
1966-12-01,-0.17262846521959263,-0.42554459154068275,0.09831323109203044,-0.33046925612470357,-1.075567994565866,0.4296993034441053,-0.5004183393927654,-1.0705035798421516,-0.19230341792560526,0.13870354177710859,-0.464344285649792
1967-01-01,-0.08346598677044863,-0.6373471950882167,0.8017348089729512,-0.4504171302909837,-0.09049549755856155,1.1164686362893868,0.0178687888309891,-1.8549236357997456,-0.19230341792560526,0.2750354569564146,-0.464344285649792
1967-02-01,0.005696491678695309,-0.7625032790026693,0.11818131456076705,-0.6961643721221638,-0.7184944977265765,0.8952176829857796,-0.15903648328412698,-0.5859771207202277,-0.07150608282646302,0.8309417358718705,-0.464344285649792
1967-03-01,0.005696491678695309,-0.7047389325806142,0.9961334380297499,-1.1304556322645605,-0.32844130243982617,1.1780422802379051,-0.2709859442188599,-0.4778692977365067,-0.07150608282646302,1.2658215025931272,-0.464344285649792
1967-04-01,0.005696491678695309,-0.8780319718467781,-0.3911387538669513,-0.8750081535125022,0.18445804565766036,0.8737425684700865,0.472032932515649,0.7800806917447431,-0.07150608282646302,1.2250846544389014,-0.464344285649792
1967-05-01,-0.08346598677044863,-0.9550511004095175,-0.30433088584613704,-0.7306656991121636,0.575679509144865,0.6353149303747295,0.6288140147018667,-0.1098067094418335,-0.19230341792560526,1.1154833337057743,-0.464344285649792
1967-06-01,0.09485897012783924,-0.7239937147212986,-0.59603397030318,-0.4291647070733555,0.6512913732184952,0.10400014530620061,1.0374369980050073,1.1395119089048285,-0.19230341792560526,0.6832405729369206,-0.464344285649792
1967-07-01,0.005696491678695309,0.325391911946029,0.21829601406772,-1.065836322414736,-0.7578748738287927,0.1048564695162717,0.4332371911581703,0.507829977771574,-0.19230341792560526,0.9070624945539502,-0.464344285649792
1967-08-01,0.005696491678695309,0.614213644056302,0.6123085928104025,0.44821481025944593,-0.4274001734090796,0.07564878506834503,-0.12870967622833715,1.5474061059102016,0.08492348712632657,0.29706312036027077,-0.464344285649792
1967-09-01,0.09485897012783888,0.816388856533494,0.17786266163564496,0.3664650007819291,-0.1618120182208009,0.4674004328181148,-1.1392965152455528,-0.017296610121752303,0.08492348712632657,0.004708515771419286,-0.464344285649792
1967-10-01,0.2731839270261269,0.3061371298053436,-0.3447141394906333,0.9336120411476911,-0.7978487259460021,0.19075096557325386,-1.5905534757406221,-0.017212864614236684,0.08492348712632657,-0.7212818302086991,-0.464344285649792
1967-11-01,0.2731839270261269,0.41203843157911174,-0.12462437877367717,0.6728262103358721,-0.38143841840310233,-0.5141855344050903,-0.6108723920019907,-0.0278944267626698,-0.19230341792560526,-0.9386428790770047,-0.464344285649792
1967-12-01,0.005696491678695309,0.49868495121219286,0.1496689222030814,1.3462608008992933,0.15113159646666355,-0.3038175331385854,0.9534946897223908,0.4912288138963246,-0.19230341792560526,-0.7664522345254025,-0.464344285649792
1968-01-01,-0.1726284652195923,0.3927836494384265,0.7196989602097678,0.8446169113103198,1.8605313692522927,-0.3210543920225954,1.466204225764432,0.48981760172737165,-0.19230341792560526,-0.777603319373656,-0.464344285649792
1968-02-01,0.005696491678695309,0.2098632191019194,0.8943717844484563,0.2648234088759533,1.2339235158655715,-0.532992746472357,0.637371663631639,-0.5311415559167474,-0.19230341792560526,-0.3769759862529194,-0.464344285649792
1968-03-01,-0.08346598677044827,0.16172626375020724,1.6785032652366314,-0.1497485270522455,1.5970640620209995,-1.2217144405120905,-1.0201580316833843,-0.5295336820560935,-0.19230341792560526,-0.4975446596646433,-0.464344285649792
1968-04-01,-0.26179094366873634,0.33501930301637123,1.5432274676117594,-0.011995492950695368,0.5065434815278992,-0.12711623210001308,-0.4335179134637013,-0.5279355633348571,-0.19230341792560526,-0.2860801555621015,-0.464344285649792
1968-05-01,-0.26179094366873634,0.6238410351266447,1.2199135149092164,0.4016819580876704,1.1417304871681584,0.8925514088588832,0.22572184723782324,-0.01656912874802445,-0.19230341792560526,-0.23438620267757976,-0.464344285649792
1968-06-01,-0.1726284652195923,0.3061371298053436,0.6849543445288068,0.43156197831454524,0.26612261548902805,1.557968642696987,1.242721613625635,0.48151638676223385,-0.19230341792560526,0.1958211766924165,-0.464344285649792
1968-07-01,-0.08346598677044827,-0.09821329514903936,0.9078474428657187,0.2690038911951037,1.670328201504072,0.47431680418550026,0.4728921190136307,0.9753100961628585,-0.19230341792560526,0.3439568608716588,-0.464344285649792
1968-08-01,-0.26179094366873634,-0.5795828486661623,0.819508225477477,-0.18788453714879186,1.2200200381933883,-0.1886247534008912,-0.10911077560107924,0.9725444373634778,-0.19230341792560526,0.4383850351098103,-0.464344285649792
1968-09-01,-0.35095342211788033,-0.34852546297794224,0.8327666415791541,-0.18154307668124287,0.1454208493001273,-0.10756204966471827,-0.639998140366824,-0.026222041665983176,-0.19230341792560526,0.33014613128277887,-0.464344285649792
1968-10-01,-0.5292783790161684,0.007688006624727843,0.23129911311639573,0.010339641090087238,-0.6772733762730911,0.2825777221391651,-0.5849410163186478,-0.5268593526793971,-0.19230341792560526,0.4445493081428178,-0.464344285649792
1968-11-01,-0.4401159005670243,0.31576452087568674,0.22141073904961966,0.5598436642889384,-0.37541169172524563,0.8354725925444705,0.5871578111952414,-0.5252802075245281,-0.19230341792560526,0.5315029159137804,-0.464344285649792
1968-12-01,-0.35095342211788033,0.7104875547597267,0.13372365017931553,0.5255665610549987,-0.4892704392410207,0.5157050522930738,1.5286775160067672,0.4596980463408494,-0.19230341792560526,0.45130104635231383,-0.464344285649792
1969-01-01,-0.2617909436687367,0.729742336900412,0.025033472776571888,0.7465027511637403,0.20445594790440738,-0.4836512642493627,1.589624274480299,-0.025449081551392284,-0.19230341792560526,-0.15240553273849797,-0.464344285649792
1969-02-01,-0.35095342211788033,0.6142136440563024,0.04384401622256239,0.3931953617265565,0.2929570766497164,-0.7826468709650841,0.30007750395076954,-0.025324061836750598,-0.19230341792560526,-0.9124859316689798,-0.464344285649792
1969-03-01,-0.2617909436687367,0.02694278876541237,0.10408888819418614,0.6473425534451627,0.08266233359428397,-1.2604257184239678,-0.9188980340385482,-0.03733327316547011,0.49252168424112946,-1.3983452799368024,-0.464344285649792
1969-04-01,-0.08346598677044863,-0.05970373086766867,0.30912846599193833,0.1169836789300737,-0.35076486011758723,-0.3267355521832818,-0.53809945794764,0.9284157665946026,0.8567687613185044,-1.3097486461801333,-0.464344285649792
1969-05-01,-0.08346598677044863,-0.10784068621938163,0.2083894504860507,-0.43785552319151294,-0.3098695456518479,0.22021353000034627,-0.1901332750117921,0.9259102564239613,0.8567687613185044,-1.195730238730183,-0.464344285649792
1969-06-01,-0.17262846521959263,0.37352886729774193,0.06001718089153396,-0.3335693306547563,-0.2526436131516792,-0.2487149183192561,0.10822753263490328,-0.036396706492967425,0.17194365915176976,-0.8547597106835361,-0.464344285649792
1969-07-01,-0.17262846521959263,0.8260162476038362,0.48007914668013707,0.15510084612110056,-0.8327725784743865,-1.219999883262481,-0.8490823662751167,-0.5187177232361171,-0.19230341792560526,-0.6384360010428786,-0.464344285649792
1969-08-01,0.005696491678695309,0.8741532029555492,0.7961733911712272,0.4870331808141302,-0.5692761280790198,-1.777271165751198,-1.389462784800304,-0.517191648391918,-0.19230341792560526,-0.2595645823464022,-0.464344285649792
1969-09-01,0.27318392702612726,0.5949588619156171,0.6822360066522614,-0.05579543149680561,-0.015905803559054063,-0.9324134191450238,-1.2190710881872453,-0.035498265683328784,-0.19230341792560526,-0.14146611583498184,-0.464344285649792
1969-10-01,0.27318392702612726,-0.03082155765664198,0.18775737535738207,-0.32737048853725526,0.6819517993682428,-0.09887246383525021,-0.5994326609277991,-0.03514910261018088,-0.19230341792560526,-0.0018213875540875352,-0.464344285649792
1969-11-01,0.09485897012783924,0.21949061017226168,-0.5339581138994586,-0.9696035053101618,-0.43275694986573116,0.09062902929851524,0.29184076019836186,0.4257972497002028,-0.19230341792560526,0.36723908875413575,-0.464344285649792
1969-12-01,0.09485897012783924,0.6719779904783576,-0.6005135988414751,-1.1040190330434383,-0.6651382461087331,-0.7668801346678908,0.85093478637046,0.4236903142064774,-0.19230341792560526,0.4804894718929076,2.1475923211302876
1970-01-01,0.45150888392441496,0.8067614654631518,-0.610025020443521,-2.140150239026071,-0.5781480565876875,-1.0546129947303151,0.3822013863975662,0.4216037788630553,-0.19230341792560526,0.5010859507278204,2.1475923211302876
1970-02-01,0.7189963192718469,-0.1367228594304093,-0.406572116222043,-1.6592238604236018,0.01991615550370638,-1.6863192821251833,-0.7877975833763958,-0.04747165175913659,-0.19230341792560526,-1.0367344371321527,2.1475923211302876
1970-03-01,0.8973212761701351,-1.1764810950273947,-0.16312980185835846,-1.5834229715437629,-0.43520535862565785,-0.6297914003126338,-2.257198171494642,-0.047004072608376225,-0.19230341792560526,-1.491391127401193,2.1475923211302876
1970-04-01,1.0756462330684222,-1.3401467432232164,0.9484431286976466,-0.7036803380098394,-0.9957337003744475,-0.9568991790449823,-1.4672886543993542,-0.04654387745484784,-0.19230341792560526,-1.7166173003845022,2.1475923211302876
1970-05-01,1.2539711899667103,-0.31001589869657314,-0.1741984613411397,-0.7313359680438009,-0.7268252496194285,-2.2401336419843174,-0.10546886366116177,-0.4925587457007012,-0.19230341792560526,0.9628631120115825,2.1475923211302876
1970-06-01,1.2539711899667108,0.01731539769507011,-0.27745671174233233,-0.8372987568167808,0.19122350886054554,-2.582598957606161,1.4850495409450324,-0.4898144373101422,-0.19230341792560526,1.9172548387892103,2.1475923211302876
1970-07-01,1.3431336684158544,-0.08858590407869633,-0.8684253091487965,-0.5629631215497888,0.08062125004340463,-2.0995970907635004,1.4866027363147503,-0.9301296579136421,-0.3366803331714042,2.6814264732636044,2.1475923211302876
1970-08-01,1.432296146864998,-0.4447993736813673,0.26711860705855395,-0.5967415524645077,-0.2061111380657096,0.13256540266860087,1.2441422633842814,-0.47414142264660875,-0.3366803331714042,1.8080114399398308,2.1475923211302876
1970-09-01,1.5214586253141424,-0.5699554575958192,-0.2572957607016442,-0.7974415753662975,-0.03900690046605957,1.08356969086217,0.6967069196473549,-0.47159195563479844,-0.3366803331714042,1.753303160870329,2.1475923211302876
1970-10-01,1.610621103763286,-0.5507006754551347,-1.4991685379657957,-2.034260566631786,-0.67145943026311,1.375395569559127,0.03779806141227836,0.4169882178820913,-0.19230341792560526,1.387243074436732,2.1475923211302876
1970-11-01,2.14559597445815,-1.1187167486053393,-1.9868219995651197,-2.268384202782057,-1.8426692249904033,0.9359026160357414,-0.5139801027705694,0.8522780746216524,-0.19230341792560526,0.5231093330823366,2.1475923211302876
1970-12-01,2.3239209313564375,-1.234245441449449,-1.4213911292093213,-0.651577943766822,-1.3705136712986505,1.0562605200558302,-0.49592394108308224,0.8480612076592522,0.6828452966920442,-0.26174449487289714,-0.464344285649792
1971-01-01,1.7889460606615744,-1.4460480449969828,0.22922499210901445,0.8697407506926528,0.7621156517443615,1.293629883011,-0.1903883853742582,-0.03108284637724012,0.6828452966920442,-0.2952712678294092,-0.464344285649792
1971-02-01,1.5214586253141424,-1.5519493467707501,0.6411646719246382,1.0971445901657633,1.679951917048304,1.8714394507323653,0.039165667737892915,-1.3354977447938614,0.6828452966920442,0.6686367834654487,-0.464344285649792
1971-03-01,1.432296146864998,-1.4653028271376682,0.6018684010638617,-0.20132705679630505,0.7316957795492541,1.2663277013466243,-0.651399524641298,-1.7595386148016683,-0.19230341792560526,1.5890756607800138,-0.464344285649792
1971-04-01,1.1648087115175672,-0.589210239736505,-0.20918677574346548,-0.31404164040871113,-0.09550673590867767,1.208297233996561,-0.6352380078670817,-1.3165559814625958,-0.19230341792560526,1.7423786951973221,-0.464344285649792
1971-05-01,0.986483754619279,0.3927836494384256,0.04673094643390369,0.06646710747810758,-0.37455482909954585,0.44381544490896546,-0.3028934908992736,0.41567384301223487,-0.19230341792560526,1.0274191648917972,-0.464344285649792
1971-06-01,0.8973212761701347,1.2881310189802746,2.163159081583441,0.3540932396122325,0.43772484607473766,-0.20704523166489458,0.8044961879498692,1.2753730633575215,-0.19230341792560526,-0.2537592900286591,-0.464344285649792
1971-07-01,0.8973212761701347,1.4517966671760967,0.07796514204839074,-0.1102477385313882,-0.6719044138770582,-0.8108337733789075,0.8653036084597394,1.2722227619065283,-0.19230341792560526,-1.070369843680554,-0.464344285649792
1971-08-01,0.8973212761701347,0.7393697279707551,0.017627004716488894,-0.7042422445110823,0.020444094587751767,-0.8737412727949893,0.7593486535192657,-0.020291560748188473,-0.19230341792560526,-1.5676820681720998,-0.464344285649792
1971-09-01,0.5406713623735586,-0.08858590407869633,-1.7223774359497737,-0.05272439851306019,0.2262706254647904,-0.2724083988628398,0.19585314403400103,-0.8734080395195533,-0.19230341792560526,-0.8758879809464478,-0.464344285649792
1971-10-01,0.2731839270261269,-0.9357963182688332,0.37795502143442544,0.5129801200526851,0.9529565485492847,-0.48262284421643714,0.3240110288129992,-0.8712205263581101,-0.19230341792560526,-0.6120405019091031,-0.464344285649792
1971-11-01,0.09485897012783888,-0.7239937147212995,0.6050248574082456,1.0617675886516098,0.8837640044447819,-0.9194495855299296,-0.27421365996260244,-0.440323955431482,-0.19230341792560526,-0.06307635815984189,-0.464344285649792
1971-12-01,-0.08346598677044827,-0.6854841504399296,0.5148163557451843,0.8084529275362348,0.5063619989370194,-0.25912964563517094,-0.7473053384433519,-0.012620529563582918,-0.19230341792560526,-0.4477381513105899,-0.464344285649792
1972-01-01,-0.08346598677044907,-1.0705797932536274,0.7947886145969932,1.6933107812969888,0.2591946145618419,0.6619075519976517,-1.0379751245200612,-0.012574961509827563,-0.19230341792560526,-0.022876023428606083,-0.464344285649792
1972-02-01,-0.17262846521959263,-1.0128154468315722,1.209123209271518,2.01251648743036,-0.027063118076280476,1.633736819810877,-0.5392801343909617,0.4047854021904539,-0.19230341792560526,0.25347157837471723,-0.464344285649792
1972-03-01,-0.17262846521959263,-0.30038850762623054,1.3596000270934876,1.7649853381516258,1.022449489107,0.9958492230129302,0.3901360859640047,-0.012484821255066532,-0.19230341792560526,0.8911258057676984,-0.464344285649792
1972-04-01,-0.17262846521959263,0.2868823476646591,0.8867523012898411,1.011986092770819,1.3218532307871964,0.5425617417138726,1.0893233809030618,-0.012440242618283125,-0.19230341792560526,0.13899603578986247,-0.464344285649792
1972-05-01,-0.17262846521959263,0.44092060479013806,0.3515980315034263,0.46679269782434635,1.6024502767644637,0.1225961657421267,1.3424292312526491,-0.847026244769628,-0.19230341792560526,-0.7654235144246646,-0.464344285649792
1972-06-01,-0.17262846521959263,0.14247148160952233,-0.12994898859439294,0.23138122669647762,0.20593749170199735,-0.1837070666228558,1.060382083597759,-0.012352052528088926,-0.19230341792560526,-1.4050847530436166,-0.464344285649792
1972-07-01,-0.35095342211788066,0.22911800124260434,0.5115042400584981,-0.3589458451046579,0.6853443615139779,-0.4440320305337274,0.1518851700472251,-0.01230843486979235,-0.19230341792560526,-0.054032885564315035,-0.464344285649792
1972-08-01,-0.4401159005670243,0.2868823476646587,1.2039192404665247,0.38006745898106375,0.7245518769313175,0.22163173635916095,-0.279529706984098,0.4050499972819658,-0.19230341792560526,1.2784596818521163,-0.464344285649792
1972-09-01,-0.4401159005670243,0.6912327726190421,1.3376628214247215,0.6575489496983941,0.5609919784368455,-0.03431755768083306,-0.4781370413989609,0.3981460010528056,-0.19230341792560526,2.080235041349124,-0.464344285649792
1972-10-01,-0.17262846521959263,0.7008601636893849,2.9022548684333804,1.406122290453543,1.538251817117053,0.10269597815454935,0.40830635102408835,0.39721509434876595,-0.19230341792560526,0.9591425892280507,-0.464344285649792
1972-11-01,-0.6184408574653124,0.7008601636893853,2.9022548684333804,1.3043855239086166,1.38158390719577,0.31173419253939116,1.0087990043509858,0.8037496523400331,-0.19230341792560526,-0.20009646094189368,-0.464344285649792
1972-12-01,-0.707603335914456,0.36390147622739877,2.9022548684333804,1.494467962270475,1.6093750122843318,0.8318348462923792,1.3214553063638594,-0.018868819758283584,-0.19230341792560526,-0.97073005697096,-0.464344285649792
1973-01-01,-0.7967658143635996,0.6142136440563024,0.0722782264337913,1.1917231007993052,0.8892237728584749,0.9176974636847902,0.791695418565427,0.38580000374031415,-0.19230341792560526,-0.8454027012550674,-0.464344285649792
1973-02-01,-0.6184408574653124,0.7586245101114387,-0.8141411576039753,1.3280917459793637,1.129139710558524,-0.3409912373178019,1.467229325937759,0.3744801661522861,-0.19230341792560526,-0.9791651745678307,-0.464344285649792
1973-03-01,-0.7967658143635996,0.9511723315182881,-1.1558546097505265,0.7402303601732654,0.8558279484371755,-0.8813307187151613,2.289069460490979,1.9809786965109248,-0.19230341792560526,-1.9439236101812853,-0.464344285649792
1973-04-01,-0.6184408574653124,0.7875066833224663,-0.34472054342269437,0.2707192247957562,-0.6224052381138006,-1.2732281298910375,2.286597232810538,1.9587966171812767,-0.19230341792560526,-2.411427263917438,-0.464344285649792
1973-05-01,-0.707603335914456,0.7008601636893853,-0.24900587142978617,-0.1506730364138773,-1.0571687924223803,-1.1606499740766802,-0.2685887424687025,1.1463799703956952,-0.19230341792560526,-1.3177672131654516,-0.464344285649792
1973-06-01,-0.707603335914456,1.0281914600810285,-0.02684465952628808,-0.1037566605356356,-1.4678595949098305,-1.2605847750985641,-1.9433011734172516,-0.46747932654690144,-0.19230341792560526,0.7569037203852536,-0.464344285649792
1973-07-01,-0.707603335914456,1.6539718796532876,0.11174448891732851,0.17321750974143427,-0.1842872595078163,-0.8410765641652339,-2.054684628586869,-2.0347491475599404,-0.19230341792560526,1.1594748311346743,-0.464344285649792
1973-08-01,-0.707603335914456,2.1931057795924653,-0.8932943841133857,-0.2604107553732336,-1.7630697911833604,-0.7016713523223751,-0.6238517373626017,0.6928092217899671,2.1055019355992743,-0.16318560786318498,-0.464344285649792
1973-09-01,-0.6184408574653124,1.028191460081027,-0.46524904182793325,0.10161733427081243,0.08421546592284232,-0.11235653466315824,-0.9814203237410548,0.7054034025826361,2.1055019355992743,-1.9932091406808763,-0.464344285649792
1973-10-01,-0.885928292812744,-0.791385452213696,0.31993181079165806,0.3383667530142167,-1.519342320822044,0.32414475902055734,-1.6226925127494956,2.52096777951956,2.1055019355992743,-1.772305306373732,-0.464344285649792
1973-11-01,-0.4401159005670243,-0.8395224075654082,1.0410121530137098,0.6629012201382518,0.024694086041610847,-0.4836512642493627,-2.4537408829876326,-0.8566921261530154,-0.19230341792560526,-0.34766007709611696,2.1475923211302876
1973-12-01,-0.26179094366873634,-0.8395224075654073,-0.1357848378764989,0.07644114912023671,-2.473930966029567,-1.824082862215911,-1.1710203099221546,0.2853286274864422,-0.19230341792560526,1.5888331189855904,2.1475923211302876
1974-01-01,0.18402144857698252,0.49868495121219286,-2.499764784711143,-0.7260417920296558,-1.7893683591261569,-2.194925617304516,-0.024676517092941455,-0.9018852826316107,4.483368471828603,1.7075663956907625,2.1475923211302876
1974-02-01,0.18402144857698324,-0.7143663236509563,-2.844420305395485,-1.1403372535185752,-2.6084519283370753,-1.5200130052184084,1.091623295174877,1.764161064796312,4.483368471828603,0.7743650502141055,2.1475923211302876
1974-03-01,0.18402144857698252,0.46017538693082305,-2.844420305395485,-0.9894340113903152,-1.517687573306734,0.1846138978186498,1.7612041502126663,1.3493711544290192,4.483368471828603,-0.3147364042171432,2.1475923211302876
1974-04-01,0.09485897012783888,0.508312342282536,-2.844420305395485,-0.7854957614924161,-1.095872004118774,-0.7976392377425161,2.5753467187552226,0.2423459482373204,-0.19230341792560526,-0.6725576085516799,2.1475923211302876
1974-05-01,0.18402144857698252,1.0378188511513708,-2.1320761097353733,-0.1854118503111579,-0.15675338371701297,-0.8357043235938423,2.5753467187552226,-0.5092259794083166,-0.19230341792560526,-0.8134864940732571,2.1475923211302876
1974-06-01,0.45150888392441496,-0.08858590407869633,-1.3268578315678587,-0.2860239738260727,-0.582125359669239,-1.4344583737941392,1.1274572095037045,-1.2265699893907605,-0.19230341792560526,-1.1111557877578677,2.1475923211302876
1974-07-01,0.629833840822703,-0.7817580611433538,-0.7047289830081376,-0.0158549239096122,-0.5873282413452046,-2.494425017572346,-1.240621851643797,-0.4790499826175346,-0.19230341792560526,-0.7659007745683644,2.1475923211302876
1974-08-01,0.629833840822703,0.6719779904783576,-1.0594347675405444,-1.0313958846576055,-0.09508649215895587,-2.665981047834244,-1.6222509062526442,-0.1268026678498322,-0.19230341792560526,-0.17513110324826053,2.1475923211302876
1974-09-01,0.986483754619279,0.1232166994688374,-1.1081836001622847,-0.9185870387431285,-0.9274625265175129,-3.1948221292070516,-1.3115302819391792,1.262714322826182,-0.19230341792560526,0.33492887017628037,2.1475923211302876
1974-10-01,1.2539711899667108,-0.11746807728972389,-1.207824262863836,-1.2016236494074715,-1.5816524177159776,-2.1909903329255704,-1.3202155669114912,1.594551528338785,0.995328165963845,0.4817636341625826,2.1475923211302876
1974-11-01,1.610621103763286,-1.465302827137669,-1.7964467859002116,-2.4460207962900395,-2.8032516886989236,-1.084083615988156,-1.603049600142879,0.887692607970288,0.995328165963845,0.7165471655940522,2.1475923211302876
1974-12-01,2.0564334960090056,-0.9069141450578055,-1.7372979964819326,-3.329507397573193,-2.661547618752448,-0.4546676889628729,-1.5314175384996498,-1.1704957609102293,0.995328165963845,0.576750824631135,2.1475923211302876
1975-01-01,2.6805708451530132,-1.186108486097737,-2.3064516973000244,-3.329507397573193,-1.4845670417338392,0.42534605180268703,-0.940259751452064,-1.5098774250907478,-0.19230341792560526,0.12049905303569174,2.1475923211302876
1975-02-01,2.591408366703869,-1.9274175985141055,-1.5542010876480192,-3.329507397573193,0.6083790937110538,1.405838838859835,-1.28687577766106,-1.8024834091157405,-0.19230341792560526,0.09319219543566969,2.1475923211302876
1975-03-01,3.126383237398733,-1.6289684753334897,-1.3686619936970947,-3.081559269424585,0.5885083387525593,2.1138763482142133,-2.0371027028249236,-1.4139342214173547,-0.19230341792560526,1.2197722589486437,2.1475923211302876
1975-04-01,3.304708194297022,-0.6566019772289011,-1.0741036502213126,-2.2150363434851568,-0.16726640895389183,2.0672835303616792,-2.065091087916108,-2.0524712001548906,-0.19230341792560526,2.2474182497821045,-0.464344285649792
1975-05-01,3.4830331511953085,-0.2907611165558879,-0.17285688743426794,-1.1151351838205914,1.0355929354645586,1.5155644412727287,-1.3634112937192164,-2.017667233782672,-0.19230341792560526,2.5667437203275507,-0.464344285649792
1975-06-01,3.0372207589495894,-0.1752324237117791,2.097073192747212,-0.16724092582822098,1.4186035168245992,1.223951495780152,-0.11687209672562786,-0.6973150971653554,-0.19230341792560526,2.0261024162925474,-0.464344285649792
1975-07-01,2.769733323602157,0.4698027780011653,0.4098360857562511,0.29381131229266083,1.7332601691213743,1.0732924602809064,0.11219324477633585,0.9279434520067444,-0.19230341792560526,1.4084368714410938,-0.464344285649792
1975-08-01,2.59140836670387,1.1340927618547951,0.5942172154330125,0.9883212316519739,-0.13025259815283133,-0.9638256321617853,0.3563481239117018,1.9023159254430762,-0.19230341792560526,0.0014599008413981195,-0.464344285649792
1975-09-01,2.2347584529072937,1.0089366779403433,-1.453928624186197,1.3462581877738924,-0.009009872083118976,-1.5173405036365932,0.5347117158576309,1.2359927751539865,-0.19230341792560526,-1.5127198359836576,-0.464344285649792
1975-10-01,2.14559597445815,-0.19448720585246362,0.7078825735111993,1.0167118629175032,-0.45350704687935656,-0.8655446166209432,0.9172775873679982,-0.37650823338206807,-0.19230341792560526,-2.4484460944386455,-0.464344285649792
1975-11-01,1.521458625314143,-0.9550511004095178,-0.31960421166700514,0.5567738685520669,0.08392918186238392,0.5091819154327524,0.9296829039065699,-0.0743818815805973,-0.19230341792560526,-1.707524195468221,-0.464344285649792
1975-12-01,0.8973212761701339,-0.9743058825502022,-0.44130605964833725,0.5899828796975053,0.8386992456871941,0.4630381460726222,0.7766451190896204,-0.38342430317423143,-0.19230341792560526,-0.6328946571526293,-0.464344285649792
1976-01-01,-0.1726284652195919,-1.0802071843239698,-0.18388135869752595,1.0733646573285442,1.912964637760928,1.0988062072236058,0.29152700984216173,-0.04967149586519114,-0.19230341792560526,0.713543603771412,-0.464344285649792
1976-02-01,-0.3509534221178799,-0.6084650218771899,0.6200670436307435,1.5458785131274535,1.00596484907946,1.4108351950146436,-0.08216339578071491,-1.6081873077295457,0.7099512835069295,1.1538015084482953,-0.464344285649792
1976-03-01,-0.885928292812744,-0.4544267647517104,0.7781977760237695,0.9207073265284665,0.5135086372961993,1.7109321316700237,-1.4545512499477389,-1.8981395075344103,0.7796859471732289,1.0732093270157195,-0.464344285649792
1976-04-01,-0.9750907712618881,-0.040448948726984145,0.40701007998535665,0.4815075649860798,0.21706095123143346,0.5255686069770821,-1.701181381984304,-1.8839462466794072,0.8490183484903854,0.5619773907417563,-0.464344285649792
1976-05-01,-1.420903163507607,0.27725495659431687,-0.23103675037645338,0.15832207224214934,-0.4702201543014975,-0.13688637087752353,-1.010567015678101,-0.3288579764696269,-0.053236352942149484,-0.35873260518640526,-0.464344285649792
1976-06-01,-1.0642532497110326,0.36390147622739877,-0.38772248751802135,0.10561517064662479,0.22274219533226935,-0.12278066041328471,1.159972444034794,0.9033433362026757,-0.12297101660844896,-0.9310710768910988,-0.464344285649792
1976-07-01,-0.707603335914456,0.325391911946029,-0.07410041970020104,0.13195157517160916,-0.235212318666098,0.10534502873828885,2.2965891145071575,1.8178204134433975,-0.19230341792560526,-1.2330580988333428,-0.464344285649792
1976-08-01,-0.5292783790161687,-0.08858590407869718,0.15625453427817262,0.2792814731989914,0.7336609969948621,0.07898859025833428,1.6689674193678312,1.191976450952182,-0.19230341792560526,-0.7732957617752748,-0.464344285649792
1976-09-01,-0.7076033359144568,-0.348525462977943,0.07240787978730025,0.3997659642501384,-0.09373012443339222,0.30329771676096623,0.826840999330493,0.5706147939505775,1.4052322218671567,0.5729866317312736,-0.464344285649792
1976-10-01,-0.6184408574653124,-0.3292706808372586,-0.8129971793457249,0.07939615740328519,-0.2370595777988561,-0.5550620847685901,0.5401092960063333,-0.046316500383896356,1.4052322218671567,1.4956864417393754,-0.464344285649792
1976-11-01,-0.44011590056702515,-0.4062898093999974,-0.0038725683796653936,0.5410060739440395,0.1964975674086218,-0.5287056462886355,0.9064470524912196,-0.3426164719042008,1.4052322218671567,1.4365244974154592,-0.464344285649792
1976-12-01,-0.3509534221178799,-0.7336211057916417,0.2969961698541983,0.9459645489341372,1.219447378986264,-0.33746756521037186,0.6519748253659944,-0.3406509746213429,-0.19230341792560526,0.7987628395026178,-0.464344285649792
1977-01-01,-0.35095342211788066,-0.3196432897669155,-0.32579003111937693,0.5818037180475295,0.7389868242122685,0.04844518616666986,0.0031546314330264786,-0.3387078923632578,-0.19230341792560526,-0.0050959106274501955,-0.464344285649792
1977-02-01,-0.08346598677044907,-0.10784068621938163,-1.079066008327447,0.6074114437874578,0.7152764739831788,-0.254124493704692,-0.21505503547486068,1.1319110235391594,-0.19230341792560526,-0.19278473662213277,-0.464344285649792
1977-03-01,-0.1726284652195919,0.2098632191019194,-0.8923327523784619,0.7066336455073937,-0.6380592153612841,-0.8158300143776258,-0.07683865877586096,1.1263477147053504,-0.19230341792560526,-0.7227760028865351,-0.464344285649792
1977-04-01,-0.4401159005670243,-0.10784068621938163,0.36448892748056816,1.6147158069744656,-0.17533274720964015,-0.9178244335959413,0.35339536841228697,1.408678029435059,-0.19230341792560526,-0.8288174528511112,-0.464344285649792
1977-05-01,-0.35095342211788066,0.24837278338328922,0.2632193102680657,1.1813562802684194,-0.47776137154357834,-0.5566548488693359,0.25414068064180917,-0.9317648269369839,-0.19230341792560526,-1.0578252508009705,-0.464344285649792
1977-06-01,-0.3509534221178799,0.37352886729774104,-0.13243998465321521,0.917245345823002,-0.59123717475294,-0.4187685780680869,0.1334338949094375,-0.9268119206412904,-0.19230341792560526,-0.9397815484479497,-0.464344285649792
1977-07-01,-0.7967658143635996,0.594958861915618,0.03721600876223446,0.4610418971880553,0.13189526823514108,-0.05408592202325826,0.08948647005391629,-1.4975903634173315,-0.19230341792560526,-0.9286680013531543,-0.464344285649792
1977-08-01,-0.707603335914456,0.4794301690715084,0.2317119831566311,0.08599695808651092,-0.22806360945237805,-0.37693233405089865,0.3840146400998491,-0.04186340467819619,0.6023004411511345,-0.47949079348321355,-0.464344285649792
1977-09-01,-0.707603335914456,0.729742336900412,0.8732647643950298,-0.11172046511148975,0.14958290734344604,-0.6879636384336418,0.2910424480362074,-0.32275277388536,0.6023004411511345,-0.19426200711837385,-0.464344285649792
1977-10-01,-0.7967658143636004,0.9030353761665759,1.2929959788513752,-0.10189845611523551,0.17740705772523688,-1.2107740287702884,0.32234740579518606,-0.033168592144458976,0.6023004411511345,-0.06335928889649925,-0.464344285649792
1977-11-01,-0.885928292812744,0.5564492976342472,1.8346832331475311,-0.04882867281444345,0.8963012776961498,-0.7595725124996395,-0.12078242396762728,-0.040735303592976335,-0.19230341792560526,-0.3651038170356164,-0.464344285649792
1977-12-01,-1.2425782066093194,0.2194906101722625,1.5874107473035268,-0.17670022978786437,0.7736814689138974,-0.6000788244050579,0.029372743853420716,0.5221717540933953,-0.19230341792560526,-0.5440078764811929,-0.464344285649792
1978-01-01,-0.9750907712618875,0.23874539231294697,-0.07521801205228257,-1.0618597067163564,-1.2933620684230196,-0.7861612848742173,-0.05858247350271694,0.7952286331151606,-0.19230341792560526,-0.2511563563185387,-0.464344285649792
1978-02-01,-1.1534157281601756,0.3061371298053444,-0.5406158091024076,-0.8705107418746171,-0.38308397674440764,-1.0807982597712815,0.4990129366473064,0.2344659557547271,-0.19230341792560526,-0.3142884996459205,-0.464344285649792
1978-03-01,-0.9750907712618881,0.18098104589089176,-0.3680160389554478,0.08003064387732817,0.4786597470451019,-1.0350664952994368,0.8817857129165575,0.22463528357050142,-0.19230341792560526,-0.29659425478480383,-0.464344285649792
1978-04-01,-0.9750907712618881,-0.1752324237117791,0.8980478487495053,1.9543523151823405,2.2934649868352914,0.17299114152167158,0.9797440853509908,0.2138475135580792,-0.19230341792560526,-0.59007871667821,-0.464344285649792
1978-05-01,-0.885928292812744,-0.0693311219380118,0.44270560909353146,1.925651896245084,1.156792164254931,1.1142483039096498,0.7080587113098797,1.2961109263817268,-0.19230341792560526,0.13274118635650456,-0.464344285649792
1978-06-01,-1.1534157281601756,0.3927836494384265,0.16439158786491043,1.2341728191499464,0.4327326284427224,1.1787936665995022,0.1544608537673897,1.277270293247724,-0.19230341792560526,0.3922435366602708,-0.464344285649792
1978-07-01,-0.6184408574653124,0.6623505994080146,0.13346342361713798,0.11995764036022873,-0.732073294826224,0.4732894924989061,-0.241572545276499,0.9928737033011379,-0.19230341792560526,0.252147684203777,-0.464344285649792
1978-08-01,-0.9750907712618875,0.6142136440563024,0.5948029965345052,0.07224060640600174,-0.1913381694701462,0.7293510006438423,-0.6935043154900569,-0.35829432051966026,-0.19230341792560526,-0.26988389457922457,-0.464344285649792
1978-09-01,-0.707603335914456,1.0474462422217123,0.2756539926104937,-0.14576169171125777,-0.7177942678388116,0.6914314104171448,-0.8499453821603662,-0.3671726877924821,-0.19230341792560526,-0.05266753378919172,-0.464344285649792
1978-10-01,-0.885928292812744,0.9126627672369191,0.023116015687267514,0.312238391876617,-0.018483328891074107,0.28530212082273654,-0.7443032124701153,-0.10628814067545442,-0.19230341792560526,0.38650203873512895,-0.464344285649792
1978-11-01,-0.7967658143635996,1.4710514493167814,-0.3572686993222559,0.5119283425424931,-0.5996199447112235,-1.5949151342518137,-0.19958595389029923,0.43085896768773413,-0.19230341792560526,0.1986308110444414,-0.464344285649792
1978-12-01,-0.35095342211788066,1.1533475439954803,0.2402389501820576,0.6537004492560039,0.22782846170928303,-1.3778321367049036,-0.12303766374638414,-0.3450609156166082,-0.19230341792560526,-0.6123652898418488,-0.464344285649792
1979-01-01,-0.4401159005670243,1.2785036279099313,0.1958807823277428,-0.06006061470360946,-0.34847830534217317,-0.35632169992689017,-0.01080708365482139,-0.6045232975621138,-0.19230341792560526,-0.9484338234553649,-0.464344285649792
1979-02-01,-0.3509534221178799,0.6238410351266447,0.4973063224765307,-0.21077408604458772,-0.21309405148176083,0.315003091785517,0.10037363019749239,0.14927078745336345,0.5909856543147295,-0.739430174063186,-0.464344285649792
1979-03-01,-0.4401159005670243,0.35427408515705655,0.13465157014749324,-0.3172067017753641,-0.7600682657485203,0.3769045061146781,0.9150062174783429,1.410927283167951,0.5909856543147295,0.026696932731670564,-0.464344285649792
1979-04-01,-0.26179094366873634,0.07507974411712617,-1.4191897466926224,-0.6684923498803919,-0.9808700425051285,0.12556188444341346,1.6816782342400278,1.6440848312344618,0.5909856543147295,1.0339784517405421,-0.464344285649792
1979-05-01,-0.35095342211788066,0.24837278338328836,-2.434185420832586,-0.45610517599815203,-1.2020115793917239,-0.0006583263470746755,1.539248808833733,1.105188419552309,1.4031589618867484,1.270406997702739,-0.464344285649792
1979-06-01,-0.17262846521959263,-0.43517198261102497,-2.844420305395485,-0.6159745061458509,-1.0289510462828193,0.009738115666051424,1.0318257844118344,0.5738839403476055,2.049510040800399,1.2214493590140423,-0.464344285649792
1979-07-01,-0.4401159005670243,-0.24262416120417662,-0.7874182034032351,-0.05600553066356588,-0.5220529628531292,-0.13817503295169245,-0.15583501587767556,0.5545771708342778,3.6111140534663972,0.12375640155327167,-0.464344285649792
1979-08-01,0.09485897012783888,-0.11746807728972389,-0.09472924740711261,-0.8927969974456677,0.3384063065715176,0.871278511469511,-0.8449882436713563,0.06710039375011789,4.389822625014334,0.2825853486540372,-0.464344285649792
1979-09-01,-0.08346598677044827,1.124465370784452,-0.030739074860182472,-0.9052652725857603,0.3255076242227579,0.7462764690839614,-1.225925179604906,-0.410272935060142,4.483368471828603,-0.48058740318158505,-0.464344285649792
1979-10-01,0.18402144857698324,2.337516645647601,-1.0638239422644014,-0.4409048633472308,0.0607973354691913,0.032185520368785935,-1.4151588281777636,-0.6482338477444339,3.265414633940923,-0.742002513001098,-0.464344285649792
1979-11-01,0.005696491678695309,2.1545962153110954,-0.841039812420009,-0.1719529494129909,-0.8292596634559851,-0.7435054945013289,-1.2541028228429145,-0.17143096056498086,1.6928228965460805,-1.6657793184809133,-0.464344285649792
1979-12-01,0.005696491678695309,1.6828540528643146,-0.48399506602486375,-0.13093023332322073,-1.4180518105733013,-0.33424121361283926,-1.270379599957772,0.5202621713578538,1.386254680312219,-1.127219376860485,-0.464344285649792
1980-01-01,0.36234640547527047,0.2580001744536324,-0.2925783454294074,-0.21778780697681738,-0.182102367608844,0.6545202836435866,-0.5985687499873863,1.1814708516305072,1.1772192607056406,-0.3597967929916021,2.1475923211302876
1980-02-01,0.36234640547527047,0.9993092868700012,-1.359279333559301,-0.10941883706147282,-1.3644623011030226,1.3438216043444622,0.3607536160192634,1.3744211209110566,1.934268107082138,0.8069558872061329,2.1475923211302876
1980-03-01,0.45150888392441496,3.011434020571574,-2.4347377602935625,-0.3760892415447449,-1.9271510581143714,-0.6565241311767027,0.886258626489282,1.3288777442836528,1.6868565357030925,0.5418169318879883,2.1475923211302876
1980-04-01,0.986483754619279,1.124465370784452,-2.790918569850681,-1.7582226906133565,-2.8032516886989236,-1.3181293667047524,0.6162754877925661,-0.012367065802072419,2.152175304076527,-0.3002772307479212,2.1475923211302876
1980-05-01,1.6997835822124303,-4.151344935763212,-2.590263904677198,-3.1329557921390974,-2.8032516886989236,-1.2336254444497645,-1.335006988175293,-0.8847883671057861,0.5935472437345807,-1.0444789007264803,2.1475923211302876
1980-06-01,1.69978358221243,-4.257920154911903,-1.534560784534486,-3.329507397573193,-2.4105609126473726,1.1117545928491341,-2.4836841333457107,-1.944162784799671,0.2730153504478286,0.23095636475730294,2.1475923211302876
1980-07-01,1.878108539110718,-4.257920154911903,-0.35448397467220677,-2.9094105628295335,-0.09661808378785064,2.0104274860348164,-2.3631893666569233,-2.714055690126811,-0.19230341792560526,2.047578214387512,2.1475923211302876
1980-08-01,1.5214586253141424,0.49868495121219375,0.35794567496053115,-1.3808703888427376,0.5613358477669359,1.8003072870849595,0.2846069663006995,-2.662919778001981,-0.6576221862990391,2.6915430409595653,-0.464344285649792
1980-09-01,1.432296146864998,3.049943584852944,0.6191558593749436,0.2317008842469318,0.07699824517262549,1.2367015169629105,2.0994267212513793,-2.19395693110314,-1.3074687527090092,1.254825445402556,-0.464344285649792
1980-10-01,1.3431336684158544,3.1288881916297573,0.7800952878987932,1.3106212284158092,0.49341360986083355,1.0067081106343214,2.5753467187552226,0.7404528516878851,-1.3074687527090092,-0.46420588233716237,-0.464344285649792
1980-11-01,1.432296146864998,3.1288881916297573,0.8226152431473116,2.0387921163705296,0.06342697590926091,1.168810744962142,2.4648767367532236,1.764512780182977,-0.8421499843355753,-1.4040473126747541,-0.464344285649792
1980-12-01,1.0756462330684227,3.1288881916297573,0.8956715241037144,1.4940704909996845,0.8042430320636067,0.5719308413554761,1.8224508654807428,2.1597009175496136,0.13701125519761265,-1.717737442951006,-0.464344285649792
1981-01-01,1.0756462330684227,3.1288881916297573,-0.7255878730127068,0.4586931118507453,-0.5100068490974369,0.08991804566166531,0.02570081282046361,0.6839815537788636,0.4575431484843648,-1.5353316953488054,-0.464344285649792
1981-02-01,0.986483754619279,0.989681895799657,-1.43854472620359,-0.6681089480610338,-0.4801710229327494,-1.0429068778258368,-2.081634837347461,-0.13899236121373043,0.4575431484843648,-1.026160294499102,-0.464344285649792
1981-03-01,0.986483754619279,-2.081455855639586,-1.6683984775389267,-0.7514483363095842,-0.9276034973284647,-0.2581407486475718,-2.4836841333457107,-0.7311269986533369,0.12822847536114682,0.8538092902316482,-0.464344285649792
1981-04-01,0.2731839270261269,-1.3112645700121888,-1.4785296066027387,-0.6352562700955123,-1.3446289780789973,-0.06994673734977203,-1.2960053653241275,-1.3033083162241847,-0.19230341792560526,2.42847852329659,-0.464344285649792
1981-05-01,0.005696491678695309,1.4229144939650702,-0.6853706374766588,-0.10075376153614687,-1.022311271015755,0.15055573210842982,0.962433314178507,-1.473081379319037,-0.19230341792560526,1.794763429357559,-0.464344285649792
1981-06-01,-0.08346598677044827,1.2881310189802753,-0.3660904973276886,-0.09264775165876432,-0.606647259642574,-0.3251568161327497,2.134103149610679,-0.6807927377351947,-0.8421499843355753,-0.33683434517103505,-0.464344285649792
1981-07-01,-0.5292783790161679,1.1822297172065073,1.930495825519716,0.49167630035097837,-0.4413659118876897,-0.8200650761981779,1.3230286205474253,0.8637587784955382,-0.8421499843355753,-2.4484460944386455,2.1475923211302876
1981-08-01,-0.26179094366873634,-0.7913854522136969,2.0391632361832692,0.11278230428749407,0.19230254226092217,-0.46265374150133876,0.20190221697601063,1.4385159828813951,-0.8421499843355753,-1.337953729696594,2.1475923211302876
1981-09-01,0.09485897012783888,-0.05970373086767041,1.0839372889038923,-0.433454372686996,-1.2518552151313056,-1.8795356623363966,-0.7794174796855289,1.2229774276332332,-0.19230341792560526,0.08399779159162754,2.1475923211302876
1981-10-01,0.3623464054752713,-1.3882836985749283,-1.4831215279737564,-1.210902444266794,-1.6096241984544435,-1.3309069828237914,-0.7954360386516068,-1.043353852425005,-0.5308957709161923,1.3080219766087486,2.1475923211302876
1981-11-01,0.7189963192718474,-4.257920154911903,-1.8444090335281316,-1.7796124458486564,-2.499956903847456,-1.0101470533646242,-0.6757727227215782,-1.7780046409122976,-0.19230341792560526,0.8487696883772778,2.1475923211302876
1981-12-01,1.1648087115175663,-3.7373671197384875,-1.728002501209455,-2.112313207830043,-1.1230776493936723,0.44743124275810575,0.3411229634093665,-2.8750014485634976,-0.5308957709161923,0.9844335699545053,2.1475923211302876
1982-01-01,0.9864837546192783,-1.2438728325197912,-1.5110349233168965,-2.819432292088207,-0.7344895772534241,-0.5368469109584936,0.6948654893951802,-1.7120883783112006,-0.5938547424214983,0.5717961796253291,2.1475923211302876
1982-02-01,1.3431336684158544,2.4915549027730823,-1.0891790771366883,-1.0784727674873227,0.44954532099962946,-1.2722132268970823,1.0112934109087146,-1.3243356802674489,-1.7743764258745136,-0.35488848535849465,2.1475923211302876
1982-03-01,1.432296146864998,1.7309910082160274,-1.096070375245293,-0.8532506894687742,-0.3337153856434368,-1.8661069921807016,0.17694420147227657,-0.7501134293462922,-2.670020061212901,-1.5131839849241076,2.1475923211302876
1982-04-01,1.8781085391107184,0.37352886729774104,0.163235214524127,-0.2290046514047746,-0.07852912360703448,-0.35151975405060076,0.3338109089063718,-0.7476977243819724,-0.335178606078546,-1.2428717478651778,2.1475923211302876
1982-05-01,1.6997835822124303,-1.369028916434244,-0.4217865386001481,-1.6949439980912229,-0.7312751282703521,0.018615894017475595,-0.09121028252681707,0.5217804872859532,1.3663761068424862,0.10335697803073546,2.1475923211302876
1982-06-01,1.878108539110718,-0.23299677013383258,-0.7899300840575696,-1.4659095353444938,-1.2009282691635537,-0.3724636972980584,0.3845722925269514,2.52096777951956,2.30942768624041,0.5685106332512205,2.1475923211302876
1982-07-01,2.323920931356438,-1.3305193521528733,-1.7322591006285746,-1.1444945870258947,-0.6312007566587764,-1.1296880452661764,-0.6123178791538286,2.52096777951956,0.06014354622874626,-0.49855198820627566,2.1475923211302876
1982-08-01,2.14559597445815,-3.3137619126434195,-1.4551100591098314,-1.2797812693432544,-0.8784475955837788,-1.1018902079483912,-0.9286154595666466,1.0326880539264942,-0.8735986199393075,-0.8949215061663037,2.1475923211302876
1982-09-01,2.2347584529072937,-4.257920154911903,-1.050719296066738,-1.2806689973768275,0.6790927607663719,1.3957437617478212,-1.0425071947339803,-2.8750014485634976,-0.0018957341415206917,-0.5954994937476771,2.1475923211302876
1982-10-01,2.2347584529072937,-3.535191907261296,-1.1464845758862487,-1.6194619084051616,0.5217460790941462,2.1138763482142133,-0.7704345797287406,-2.8750014485634976,0.33095318427818765,0.7157518572232454,2.1475923211302876
1982-11-01,2.2347584529072937,-0.6180924129475313,-0.8884091178469997,-1.2943605296459662,1.3113052157811376,2.1138763482142133,-0.6084281919994389,-2.6830840889284007,-0.12170566034915499,0.569010068694701,2.1475923211302876
1982-12-01,2.0564334960090065,-0.011566775515956685,-0.12319714646828653,-1.5431119601685452,0.8025224710324447,1.699139756236671,-1.473836148933166,-1.2440952847147153,-1.5894261453110394,1.0108542130183924,-0.464344285649792
1983-01-01,1.6106211037632867,0.11358930839849515,-0.1891077915471864,-0.01745522120338682,0.4368796437782379,1.01492585404372,-1.1665331382818986,-1.414105446272035,-1.8088035329091332,2.6915430409595653,-0.464344285649792
1983-02-01,1.3431336684158544,0.007688006624726975,-0.618043279086668,-0.17883336814779854,-0.45802869525099055,0.6789485241886436,-0.7290404996449286,-0.5323449440348494,-2.17778925788994,2.6915430409595653,-0.464344285649792
1983-03-01,1.1648087115175672,0.36390147622739794,-0.6654089893558052,0.6632332906478362,0.21522958815389612,1.0455698282996913,0.1213560856437071,0.7017551010044097,-1.344681174486421,2.6915430409595653,-0.464344285649792
1983-04-01,0.8081587977209894,0.3061371298053444,-0.40543342315740405,0.3477925613112285,0.7682280944194992,1.0888438348485334,-0.2326250643752115,1.927975652460635,-0.41791378084351116,-1.6552368741271657,-0.464344285649792
1983-05-01,0.6298338408227022,0.04619757090609767,0.19467410394254678,1.0174746725244113,1.4361153991817492,1.4232587033819206,-0.49188587550125007,2.0968535307958733,0.2359079552194036,-2.4484460944386455,-0.464344285649792
1983-06-01,0.45150888392441496,0.3927836494384256,-0.27943162458701193,0.8967538520638616,1.340432770330415,1.1239364027758096,-0.2590524868057848,1.5633685768106815,0.6841104224639002,-2.4484460944386455,-0.464344285649792
1983-07-01,-0.35095342211788066,0.8067614654631509,-0.001519234805864674,1.017073374738764,1.4110859294636788,0.6228241987847863,0.9396359465950904,0.15538198501068964,0.2130728998546359,-2.3105382844149873,-0.464344285649792
1983-08-01,-0.2617909436687371,1.0763284154327408,-0.9003656008249443,1.3248935969815259,1.0565452534397823,-0.3789162718906431,1.8235228001433061,-0.5449321348582972,0.5495484274032677,-1.084241946442787,-0.464344285649792
1983-09-01,-0.7967658143636004,0.17135365482055037,-0.1618362898369407,1.7791672932309124,0.3099581436140945,-0.15390423933148287,1.3133798479532737,-0.5476568366767095,-0.14973001312183165,-0.6205981558557254,-0.464344285649792
1983-10-01,-1.420903163507607,-0.45442676475170957,0.750025976066987,1.3940924894209348,0.43967440079445064,-0.16297759774344334,0.37926400862286547,-0.020616781094211615,-0.6764688324711616,-0.17589083213941986,-0.464344285649792
1983-11-01,-2.0450405126516156,-0.5892102397365045,2.025280731905836,0.994899212706086,0.39850347413344367,0.02803550764990207,-0.33503378666403794,0.15352598935959638,-0.9984293932764063,0.42347891485845995,-0.464344285649792
1983-12-01,-2.2233654695499028,-0.03082155765664198,2.293599965593019,0.4791396667047844,1.289233159922459,-0.47470182627811025,0.37449721477974385,-0.020410305087401923,-0.9373958577866061,0.6272468373152656,-0.464344285649792
1984-01-01,-2.1342029911007594,0.21949061017226168,1.4471757290711247,1.1302208441205106,1.1101710829472973,-0.3399870532571261,0.2585597951399772,0.48750317172711904,-0.48029883498405085,0.23467851648884522,-0.464344285649792
1984-02-01,-2.312527947999047,0.2868823476646591,1.1300000265001668,1.1324688695511582,-0.5723155059365752,-0.9497919714649916,0.8311232557199594,0.8228160099791352,-0.07007626574676011,0.4115512597861445,-0.464344285649792
1984-03-01,-2.2233654695499037,0.4698027780011653,0.7462980795014041,1.1230246421624765,-0.8551220615159132,-0.8685746508396024,0.7460607271786667,0.8204520761265337,0.4171921496797657,0.6398303011194681,-0.464344285649792
1984-04-01,-2.223365469549902,0.7297423369004111,1.1574261633782825,0.375995818987095,-0.79956445386327,-1.0286777012831367,1.696847243362532,-0.19823463100346783,0.17762194224029687,0.8297487752983963,-0.464344285649792
1984-05-01,-2.401690426448191,0.6816053815486999,0.6926119720878035,0.4200099744961641,1.2460946977051208,-0.2908398962743554,1.1347888037054872,-1.0376355494057121,-0.04370801576116791,-0.08002039345724161,-0.464344285649792
1984-06-01,-2.580015383346478,0.3061371298053436,0.8989823722091399,0.3585198636749498,1.0744661087985259,-0.6346363880352687,0.3161201760200447,-1.2008688573875939,-0.5066169270384527,-0.8104700213548619,-0.464344285649792
1984-07-01,-1.6883905988550396,0.38315625836808337,0.34044674171510425,0.18428003827668593,-0.09782773171695651,-0.8479542866352858,-0.7105732531936744,-0.6883616822616406,-0.9480817406639038,-1.4068968238618558,-0.464344285649792
1984-08-01,-1.7775530773041832,0.5853314708452757,0.9374696397206159,-0.040789277060939204,-0.27838210071837854,0.4942408959120951,-1.4818982334231965,-0.01633919503086359,-0.703152492457421,-1.2554281310560884,-0.464344285649792
1984-09-01,-1.6883905988550392,0.45054799586048083,0.9667613890478989,-0.3939365041130431,-0.22505048809004177,0.9808286240853065,-1.2848765232814345,0.31638139580883146,-0.4583359825087535,-0.6971449111136425,-0.464344285649792
1984-10-01,-1.2425782066093198,-0.3966624183296543,0.2621275738378823,-0.5679844384016419,-0.1524947056375718,1.059118665525777,-1.036419912402645,0.31520324795403076,-0.18687024024287893,0.16807981380035547,-0.464344285649792
1984-11-01,-1.1534157281601756,-1.8215162967403395,0.08949776366583649,-0.4512107105362842,0.9698623423873525,-0.054862780399779425,-0.07783846890888743,-0.01611518250149007,-0.6752503404078698,1.427717665602295,-0.464344285649792
1984-12-01,-0.8859282928127448,-2.254748894905748,-0.030395723529307125,-0.2699042410555653,0.35605984890020836,-0.368055685542655,0.03478730792606269,-0.3458506762603605,-1.8999074018999664,1.8803853344566555,-0.464344285649792
1985-01-01,-0.6184408574653124,-1.9370449895844486,0.22036758987360777,-0.2762344355948614,1.682711415676874,0.3733133079342849,-0.521989310616971,-0.670697745969482,-1.5741154999334743,2.165183423334534,-0.464344285649792
1985-02-01,-0.5292783790161679,-0.3581528540482853,-0.3908442084543836,-0.29828808554413305,0.5358665871214302,1.020066478651603,-0.8968949073807727,0.1465122721548516,-0.5513724098016477,1.1603661660579874,-0.464344285649792
1985-03-01,-0.5292783790161679,0.4120384315791101,-0.7357881459956228,-0.24491912439622476,0.2609440861233413,1.0578853127656003,-0.6147456344977713,0.7965475136756699,1.0670518568304892,-0.24154980760527697,-0.464344285649792
1985-04-01,-0.35095342211788066,0.15209887267986505,-0.8406778111255898,-0.3366241484315788,-0.4110989553776506,0.5313848548071983,-0.12316613767055543,1.1237531908783807,1.206210745868619,-1.8705149284494145,-0.464344285649792
1985-05-01,-0.17262846521959263,-0.7913854522136952,-0.6501231802954991,-0.4039409712553328,0.42116689211252845,0.09869599412814468,-0.09634778096843126,-0.1794574311447096,-0.03815803805987013,-2.2329133898031306,-0.464344285649792
1985-06-01,0.18402144857698324,-1.542321955700407,-0.7460350906748802,-0.512455533638525,-0.045132412951697294,0.538506228214902,-0.5636028529442999,-0.9893060280601268,-0.66765692619108,-0.8508195038459321,-0.464344285649792
1985-07-01,-0.08346598677044827,-0.8684045807764358,-0.2930972827610903,-0.6666762755103598,0.4479942631889544,0.7191652159004936,0.3141259677751998,-0.9874319116124829,-0.8245220049775235,0.5532791746458262,-0.464344285649792
1985-08-01,-0.35095342211788066,-0.3581528540482861,-0.5968796557072881,-0.5835998222454624,0.29749762956877734,0.044706265670321155,0.5424188821083981,-0.3350091044306037,-0.13500478491810522,1.007614583640425,-0.464344285649792
1985-09-01,-0.17262846521959263,0.1135893083984943,-0.45367919162593473,-0.3529563255937531,2.3490571230579733,-0.6056351297501807,1.1879569865611965,-0.17016354486473664,0.3047381715599746,-0.21134345311737998,-0.464344285649792
1985-10-01,-0.2617909436687371,0.04619757090609767,0.004387545727701017,-0.26983315955355935,-0.13414854270689042,-0.7171237859577125,-0.25938377713401567,0.1485340855880285,0.7419415259448608,-0.9341941368542621,-0.464344285649792
1985-11-01,-0.17262846521959263,0.06545235304678307,0.22043792539458743,-0.25658812124882757,-0.9317442835135837,0.48084423706234736,-0.1945935193611033,0.6238579870090193,1.0639549949006186,-1.2061307428372692,-0.464344285649792
1985-12-01,-0.26179094366873634,-0.03082155765664198,0.42771000425431394,0.079362848088054,-1.2185189128896499,1.5310037036075705,-0.8843387628529582,1.2567313260105777,-0.6517648380427835,-0.49879860351275535,-0.464344285649792
1986-01-01,-0.5292783790161679,-0.11746807728972389,-0.3180471432623393,0.5559955639849434,0.5866575001548238,1.42729610922737,0.12534752524380965,0.9320001723036759,-2.8988294236339938,-0.288420184442622,-0.464344285649792
1986-02-01,0.005696491678695309,-0.20411459692280676,0.14645036025591743,-0.008940577940839847,0.031445153694951926,1.3308421619613569,-0.38835019071244936,-0.6489272049958074,-2.8988294236339938,0.025500924898490502,-0.464344285649792
1986-03-01,0.005696491678695309,-0.5507006754551347,0.5992270136011644,-0.934170971713999,-0.7896063182918653,1.459618340131836,0.17851749901928982,-2.855268232818398,-2.8988294236339938,0.23524020087745015,-0.464344285649792
1986-04-01,-0.17262846521959263,-1.003188055761231,1.1394833883301945,-1.157542563978131,-0.23345960356801052,1.754149386677244,-0.05940337624519341,-2.8750014485634976,-2.8988294236339938,1.0976297713662602,-0.464344285649792
1986-05-01,0.005696491678695309,-0.9069141450578048,0.6129693888451052,-0.6775123551593906,0.6830977541184182,1.010032581261077,0.2696489722822167,-2.2125676645109102,-0.19074682481698704,1.8851390118970806,-0.464344285649792
1986-06-01,-0.17262846521959263,-0.3677802451186275,-0.6361188965412778,-0.5028888089197804,0.06968281584242203,0.5807057462764483,-0.02418937599194928,1.102067088491434,0.5921484862479003,1.552121141415104,-0.464344285649792
1986-07-01,-0.35095342211788066,-0.252251552274518,-0.4382125999426048,-0.2262874570657508,0.11426380079171776,-0.08873598743333709,-0.1588777955316525,2.52096777951956,-1.4454614257667004,0.5901704595058921,-0.464344285649792
1986-08-01,-0.1726284652195919,-0.6277198040178744,-0.2982846955555574,-0.42389702142347263,-0.01686749317668261,0.1729342708086369,0.0495119135533667,2.048613031232661,-0.46941618074961583,-0.6412106563873871,-0.464344285649792
1986-09-01,-0.08346598677044827,-0.9935606646908876,-0.2123948966425484,-0.06180698127806535,2.5419069168667434,-0.6531662995548639,0.01977668439560411,0.4666720109968845,1.0317661945119314,-0.5801617443293008,-0.464344285649792
1986-10-01,-0.08346598677044827,-0.656601977228902,-0.8273949697790232,-0.1682668494216147,0.24189879506175646,-0.3983238082347243,-0.10708457861568194,-0.16901838729428043,2.8039345211992335,-0.5116930489786791,-0.464344285649792
1986-11-01,-0.08346598677044827,-0.20411459692280676,-0.8985519362248466,0.1387626614229783,-0.634670722946949,-0.2188214167983509,0.2283026427152939,0.3044293570882112,-0.10106486156518793,-0.4357587361803593,-0.464344285649792
1986-12-01,-0.35095342211788066,0.27725495659431687,-0.5418735910526018,0.5078035083791781,-0.6201801399852466,0.4011440450952627,1.752851388557998,0.30333630719866855,0.7102708481620589,-0.2219871037298874,-0.464344285649792
1987-01-01,-0.08346598677044907,0.2098632191019194,-0.8026291238482219,0.06498243205505397,-1.750307136628131,1.3742890905790919,2.5753467187552226,0.7659949076062681,2.5484817853677217,-0.2988552214639378,-0.464344285649792
1987-02-01,-0.5292783790161687,0.20023582803157716,-0.6157687754000692,0.5740647796175321,0.644440182658903,1.7920355756602708,1.5942016229285196,0.9162226811448447,1.6499643364969356,-0.4952798155420948,-0.464344285649792
1987-03-01,-0.5292783790161687,0.02694278876541237,-0.7889844726531862,0.12882572369503711,-1.5868506505050506,2.1138763482142133,-1.490339450981013,0.912968671694137,1.3683552520017463,-1.7609402993940508,-0.464344285649792
1987-04-01,-0.707603335914456,0.1713536548205495,-0.6626168849728954,0.6953264468708121,1.677343305566077,1.1010182494814706,-2.4836841333457107,0.12986720654972886,-0.20068166099136436,-1.6575229738737807,-0.464344285649792
1987-05-01,-0.7967658143636004,0.036570179835755404,-0.24536284594116373,0.3127723684311588,-0.2937034000276504,0.20082106668433622,-2.1664675828646343,-0.3354973147518788,0.9016088037507747,-1.0633010549323791,-0.464344285649792
1987-06-01,-0.885928292812744,0.04619757090609767,-0.6837742948164539,0.5306109997329097,0.029389650584118375,0.21856942567597326,-0.28378490866333606,-0.18212727919166466,0.8925115509525783,-0.26354495177033976,-0.464344285649792
1987-07-01,-0.7967658143636004,0.01731539769507097,-0.11893464680406095,0.5434739224688103,0.0417532295722269,0.8022938692327856,0.37868908425584236,-0.32925479760835313,1.4400907716650244,-0.6332795634983699,-0.464344285649792
1987-08-01,-0.7967658143636004,0.33501930301637123,-0.2183650982473981,0.610763132656496,0.8021805999799654,1.7057532465441163,-0.19697857885278486,0.12828506149243366,0.32804903676370917,-0.5172133574800177,-0.464344285649792
1987-09-01,-0.9750907712618875,0.6719779904783576,0.03252617519456991,0.5334710052524371,-0.16146190014486606,0.6008199394807269,0.024273638022149973,-0.17630885466545523,-0.5010044466240883,0.1657508134239129,-0.464344285649792
1987-10-01,-0.885928292812744,0.3927836494384256,0.47104257534090904,0.8939043580046778,-0.7522780137260184,-1.7248338263061882,0.6329930682680265,0.13070295579027508,-1.0719028839660367,1.1556148945874083,-0.464344285649792
1987-11-01,-0.9750907712618881,-0.3677802451186275,0.41657097289258854,0.7554040712268146,-1.4497851416795862,-3.1948221292070516,0.6798655739584903,-0.32441896829185457,-1.0230694038159107,0.7143540925252662,-0.464344285649792
1987-12-01,-0.7967658143635996,-0.6373471950882175,1.8383050433899903,0.8400054815293844,-0.11443536517840798,-3.1948221292070516,-0.27163422818343336,-0.46941853755115054,-1.6881768874085432,0.06553779848556973,-0.464344285649792
1988-01-01,-0.7967658143635996,-0.33889807190760085,0.8213589055687878,0.0969344077563816,0.876067810237967,-1.8824413882084625,-0.6118483119943612,-0.3193414179336971,-1.9413681711390829,-0.1921077617164494,-0.464344285649792
1988-02-01,-0.7967658143635996,-0.05970373086766954,0.7701604690352691,0.10179454646410074,0.8498108475862711,0.54574152004616,-0.3020635725756593,-0.4639031524107256,-1.6457434768714343,0.9440543804955396,-0.464344285649792
1988-03-01,-0.7967658143635996,-0.09821329514903858,-0.40881748949170926,-0.0770678182064239,0.9600594088650002,1.2185998786133074,0.20802819019202654,-0.013750473040316933,-0.9282434208231629,1.7219140281892849,-0.464344285649792
1988-04-01,-0.7967658143635996,0.06545235304678307,0.05930957789693679,0.2620766379401735,-0.4090679855023023,0.4730166544653094,0.642730159756001,0.2786068730973293,0.2983456731453722,1.3907683464452698,-0.464344285649792
1988-05-01,-0.6184408574653124,0.546821906563905,-0.4225580943432374,-0.12225308507231411,0.18963078884506895,-0.33994227313785824,0.988389509169093,0.7243934352112422,0.2807538247531444,0.12632406946994335,-0.464344285649792
1988-06-01,-0.707603335914456,0.7008601636893844,-0.2996564715525424,-0.08352206295145291,-0.39094908345388096,0.05094999786895068,1.2074392902889723,0.8660711563391202,0.03746631418537965,-0.8441725143090436,-0.464344285649792
1988-07-01,-0.6184408574653115,0.7586245101114396,-0.041279258568987905,-0.40007190209630883,0.31457046095272234,0.13686953746397665,0.6157301743934427,0.12429950113629734,-1.9073531738468779,-1.3015118353109967,-0.464344285649792
1988-08-01,-0.35095342211788066,0.7393697279707543,0.18587953374174893,-0.017015050557462802,0.10837559443012673,0.20777695932926393,-0.5273053203459854,0.26584557564976286,-1.5897138454750508,-1.4109617652635644,-0.464344285649792
1988-09-01,-0.4401159005670243,0.7201149458300697,-0.03284426972781537,-0.35199999238917346,-0.5478563527183666,-0.3731561880195017,-1.191629165120474,-0.03117714447592597,-1.7945480137624739,-1.3775755565656826,-0.464344285649792
1988-10-01,-0.5292783790161679,0.5660766887045895,0.11599091681058254,-0.12024038501244075,0.07400411654496136,0.22454367208347029,-1.1494133900995827,0.11992004416342435,-1.5887860774490843,-0.8725771458915874,-0.464344285649792
1988-11-01,-0.4401159005670243,0.64309581726733,-0.20667171077079027,-0.2544350825372722,-0.14574796894347547,0.17911558322369378,-0.39069684616979944,-0.31735451876092985,-1.4540115591619232,0.06986635126692024,-0.464344285649792
1988-12-01,-0.35095342211788066,0.7682519011817819,0.21657616705847482,0.1694786766433084,0.7439121326440765,0.2370651201561844,0.3196707018840781,-0.4588466770894471,1.2164330532019656,0.5535489693658067,-0.464344285649792
1989-01-01,-0.26179094366873634,0.8548984208148639,0.6824984212187868,0.08979987483388531,0.05416479878435664,0.1957509205674997,0.2069718376598005,-0.16913610570784793,2.9916302001331627,0.3499027565141786,-0.464344285649792
1989-02-01,-0.4401159005670243,0.7104875547597267,1.0429354578981647,-0.2914136759222396,-0.4474590257749455,0.9802698939748006,0.9077515345817786,-0.023442804411354372,2.7313144058666037,-0.7580996523199026,-0.464344285649792
1989-03-01,-0.6184408574653124,0.6912327726190421,1.064514911287992,-0.39849224959198576,-1.1048612878009643,0.6174695953326387,0.1858752267542896,0.40380561342101234,1.9532851754245764,-0.9196128030783772,-0.464344285649792
1989-04-01,-0.17262846521959263,0.3350193030163721,-0.7042529803584282,-0.5783183813235864,-0.6571632983802029,0.6262102107373524,0.5324160900775455,0.819982743015796,1.694698488266742,-0.5704330447478723,-0.464344285649792
1989-05-01,-0.3509534221178799,-0.12709546836006616,-1.697281032621773,-0.636966197828765,-0.5567802805795944,0.7440661369176313,-0.8740543399861584,1.0965986275245951,1.2100157813643824,0.3099399326173833,-0.464344285649792
1989-06-01,-0.08346598677044907,-0.6758567593695864,-2.0266018591266826,-0.7784255562443302,-0.274050757888699,1.2644322168154454,-0.37168192009966067,0.5278009788996455,0.14894996617375153,0.7235026102996642,-0.464344285649792
1989-07-01,-0.17262846521959263,-0.7721306700730116,-1.0330529288380035,-1.2891870521465272,-0.5936803889336736,1.1570999526449008,-0.1258380304795428,-0.7360270571415072,-1.0174651519342963,1.4011554456308644,-0.464344285649792
1989-08-01,-0.3509534221178799,-0.5410732843847915,-0.1407214161820227,-0.4584396643194905,0.568368755940649,1.2411753459031007,0.33342955827732185,-1.845516442533539,-1.1342721570266456,1.8893649589823294,-0.464344285649792
1989-09-01,-0.08346598677044907,-0.4159172004703405,-0.144961200473697,-0.6391682568741665,0.15203973245715874,0.8162176999001449,0.46893659777881264,-1.6950458127664827,-0.4418088313770948,1.5632663331332357,-0.464344285649792
1989-10-01,-0.08346598677044907,-0.2618789433448611,0.05965767473985288,-0.17843351047985936,-0.2420942462726581,0.45038331173721075,-0.3163865307994938,-0.7117813083285192,0.07812940481310178,0.6128636312160303,-0.464344285649792
1989-11-01,0.09485897012783968,-0.23299677013383346,-0.10042107993512997,-0.5241393923039256,-1.2241645510270456,-0.5005835193983492,-0.5891873941729564,0.8139156615406143,0.6217870929922105,-0.24276718154284999,-0.464344285649792
1989-12-01,0.09485897012783968,-0.14635025050075154,-0.36583664219480216,-0.03234226677698411,-0.12753641015339662,-0.169585800747834,-1.1305357146986175,1.0877715733414495,0.6908790236640577,-0.27417545298048485,-0.464344285649792
